,Product ID (#),Name,$ Price:,Quantity,Category,Description,Production Date (DD/MM/YYYY),Expiration Date (DD/MM/YYYY),Rating:,Status
0,1,Ð¡Ð°Ð»ÑÑÐ¸ÑÐ¾Ð½,2259,159,ÐÑÑÐ¾,ÐÑÐ»Ð¸ÑÐ°ÐµÑÑÑ Ð²ÑÑÐ¾ÐºÐ¾Ð¹ ÑÑÐµÐ¿ÐµÐ½ÑÑ Ð¾ÑÐ¸ÑÑÐºÐ¸ Ð¸ Ð¾ÑÑÑÑÑÑÐ²Ð¸Ñ Ð¿Ð¾ÑÑÐ¾ÑÐ¾Ð½Ð½Ð¸Ñ Ð¿ÑÐ¸Ð¼ÐµÑÐµÐ¹.,2008-02-26,2030-04-11,2.16:,New
1,2,ÐÐ°Ð±Ð°ÑÐ¾Ðº,5595,416,ÐÐ²Ð¾ÑÐ¸,ÐÑÐ¸Ð´Ð°ÐµÑ Ð±Ð»ÑÐ´Ð°Ð¼ Ð¾ÑÐ¾Ð±ÑÑ Ð½ÐµÐ¶Ð½Ð¾ÑÑÑ Ð¸ Ð½Ð°ÑÑÑÐµÐ½Ð½Ð¾ÑÑÑ.,2013-04-07,2023-04-23,4.06:,Awaiting Payment
2,3,ÐÐ¼Ð°ÑÐ°Ð½Ñ ÐºÑÑÐ¿Ð°,4867,92,ÐÐ°ÐºÐ°Ð»ÐµÑ,"ÐÑÐ»Ð¸ÑÐ°ÐµÑÑÑ Ð²ÑÑÐ¾ÐºÐ¸Ð¼ ÑÐ¾Ð´ÐµÑÐ¶Ð°Ð½Ð¸ÐµÐ¼ Ð²Ð¸ÑÐ°Ð¼Ð¸Ð½Ð° K, Ð½ÐµÐ¾Ð±ÑÐ¾Ð´Ð¸Ð¼Ð¾Ð³Ð¾ Ð´Ð»Ñ ÑÐ²ÐµÑÑÑÐ²Ð°Ð½Ð¸Ñ ÐºÑÐ¾Ð²Ð¸ Ð¸ Ð·Ð´Ð¾ÑÐ¾Ð²ÑÑ ÐºÐ¾ÑÑÐµÐ¹.",1999-04-16,2007-03-23,3.68:,In Stock
3,4,Burn,1455,654,ÐÐ°Ð¿Ð¸ÑÐºÐ¸,ÐÐ¾Ð´ÑÐ¾Ð´Ð¸Ñ Ð´Ð»Ñ Ð»ÑÐ´ÐµÐ¹ Ñ ÑÐ°Ð·Ð»Ð¸ÑÐ½ÑÐ¼Ð¸ Ð¿Ð¸ÑÐµÐ²ÑÐ¼Ð¸ Ð¿ÑÐµÐ´Ð¿Ð¾ÑÑÐµÐ½Ð¸ÑÐ¼Ð¸ Ð¸ Ð°Ð»Ð»ÐµÑÐ³Ð¸ÑÐ¼Ð¸.,1996-02-01,2007-02-03,3.18:,Cancelled
4,5,Ð¯Ð¼Ñ,5583,766,ÐÐ²Ð¾ÑÐ¸,ÐÐ¾Ð¼Ð¾Ð³Ð°ÐµÑ Ð¿Ð¾Ð´Ð´ÐµÑÐ¶Ð¸Ð²Ð°ÑÑ Ð½Ð¾ÑÐ¼Ð°Ð»ÑÐ½ÑÐ¹ ÑÑÐ¾Ð²ÐµÐ½Ñ ÑÑÑÑÐ¾Ð³ÐµÐ½Ð¾Ð² Ñ Ð¶ÐµÐ½ÑÐ¸Ð½.,1998-03-05,2022-01-20,1.25:,Shipping
5,6,ÐÐ°ÑÑÐ° Ð»Ð°ÑÑÐµ,378,248,ÐÐ°Ð¿Ð¸ÑÐºÐ¸,Ð ÐµÐºÐ¾Ð¼ÐµÐ½Ð´ÑÐµÑÑÑ Ð´Ð»Ñ ÐµÐ¶ÐµÐ´Ð½ÐµÐ²Ð½Ð¾Ð³Ð¾ Ð¿Ð¾ÑÑÐµÐ±Ð»ÐµÐ½Ð¸Ñ Ð² ÑÐ¼ÐµÑÐµÐ½Ð½ÑÑ ÐºÐ¾Ð»Ð¸ÑÐµÑÑÐ²Ð°Ñ.,2010-08-04,2027-07-02,2.51:,Available for Pickup
6,7,ÐÐ¾Ð´ÑÑÐ°Ð²ÐºÐ¸ Ð¿Ð¾Ð´ ÑÑÐ¾Ð»Ð¾Ð²ÑÐµ Ð¿ÑÐ¸Ð±Ð¾ÑÑ,2781,211,Ð¢Ð¾Ð²Ð°ÑÑ Ð´Ð»Ñ Ð´Ð¾Ð¼Ð°,Ð£Ð»ÑÑÑÐ°ÐµÑ Ð½Ð°ÑÑÑÐ¾ÐµÐ½Ð¸Ðµ Ð¸ Ð¾Ð±ÑÐµÐµ ÑÐ°Ð¼Ð¾ÑÑÐ²ÑÑÐ²Ð¸Ðµ Ð±Ð»Ð°Ð³Ð¾Ð´Ð°ÑÑ ÑÐ¾Ð´ÐµÑÐ¶Ð°Ð½Ð¸Ñ ÑÑÐ¸Ð¿ÑÐ¾ÑÐ°Ð½Ð°.,1997-01-13,2011-02-15,0.81:,Delivered
7,8,Aquafina,3203,699,ÐÐ°Ð¿Ð¸ÑÐºÐ¸,ÐÐ¾Ð¼Ð¾Ð³Ð°ÐµÑ Ð¿Ð¾Ð´Ð´ÐµÑÐ¶Ð¸Ð²Ð°ÑÑ Ð½Ð¾ÑÐ¼Ð°Ð»ÑÐ½ÑÐ¹ ÑÑÐ¾Ð²ÐµÐ½Ñ Ð³Ð»ÑÐºÐ¾Ð·Ñ Ð² ÐºÑÐ¾Ð²Ð¸.,2004-02-12,2027-03-13,3.84:,Shipping
8,9,ÐÐ´ÑÐ³ÐµÐ¹ÑÐºÐ¸Ð¹ ÑÑÑ,5373,768,ÐÐ¾Ð»Ð¾ÑÐ½ÑÐµ Ð¿ÑÐ¾Ð´ÑÐºÑÑ,Ð¡Ð¿Ð¾ÑÐ¾Ð±ÑÑÐ²ÑÐµÑ Ð½Ð¾ÑÐ¼Ð°Ð»Ð¸Ð·Ð°ÑÐ¸Ð¸ Ð¾Ð±Ð¼ÐµÐ½Ð° Ð²ÐµÑÐµÑÑÐ² Ð² Ð¾ÑÐ³Ð°Ð½Ð¸Ð·Ð¼Ðµ.,2022-02-05,2030-03-15,3.91:,Awaiting Review
9,10,ÐÑÐ»Ð¾ ÑÐ²ÐµÑÐ´Ð¾Ðµ,2000,919,Ð¢Ð¾Ð²Ð°ÑÑ Ð´Ð»Ñ Ð´Ð¾Ð¼Ð°,"ÐÑÐ»Ð¸ÑÐ°ÐµÑÑÑ Ð²ÑÑÐ¾ÐºÐ¸Ð¼ ÑÐ¾Ð´ÐµÑÐ¶Ð°Ð½Ð¸ÐµÐ¼ Ð°Ð¿Ð¸Ð³ÐµÐ½Ð¸Ð½Ð°, ÑÐ»Ð°Ð²Ð¾Ð½Ð¾Ð¸Ð´Ð°, Ð¿Ð¾Ð»ÐµÐ·Ð½Ð¾Ð³Ð¾ Ð´Ð»Ñ Ð·Ð´Ð¾ÑÐ¾Ð²ÑÑ Ð¼Ð¾Ð·Ð³Ð° Ð¸ Ð¸Ð¼Ð¼ÑÐ½Ð½Ð¾Ð¹ ÑÐ¸ÑÑÐµÐ¼Ñ.",2019-06-08,2030-01-21,0.85:,On Backorder
10,11,Ð¦Ð²ÐµÑÐ½Ð°Ñ ÐºÐ°Ð¿ÑÑÑÐ°,9133,323,ÐÐ²Ð¾ÑÐ¸,"ÐÐ¾Ð¶ÐµÑ Ð¸ÑÐ¿Ð¾Ð»ÑÐ·Ð¾Ð²Ð°ÑÑÑÑ ÐºÐ°Ðº Ð¾ÑÐ½Ð¾Ð²Ð° Ð´Ð»Ñ Ð¿ÑÐ¸Ð³Ð¾ÑÐ¾Ð²Ð»ÐµÐ½Ð¸Ñ Ð´Ð¾Ð¼Ð°ÑÐ½Ð¸Ñ Ð¹Ð¾Ð³ÑÑÑÐ¾Ð², ÑÑÑÐ¾Ð² Ð¸ Ð´ÑÑÐ³Ð¸Ñ Ð¼Ð¾Ð»Ð¾ÑÐ½ÑÑ Ð¿ÑÐ¾Ð´ÑÐºÑÐ¾Ð².",2002-09-08,2011-04-02,1.3:,Out of Stock
11,12,ÐÐ´ÑÐ³ÐµÐ¹ÑÐºÐ¸Ð¹ ÑÑÑ,7656,468,ÐÐ¾Ð»Ð¾ÑÐ½ÑÐµ Ð¿ÑÐ¾Ð´ÑÐºÑÑ,Ð¨Ð¸ÑÐ¾ÐºÐ¾ Ð¸ÑÐ¿Ð¾Ð»ÑÐ·ÑÐµÑÑÑ Ð² ÑÑÐ°Ð´Ð¸ÑÐ¸Ð¾Ð½Ð½Ð¾Ð¹ Ð¸ ÑÐ¾Ð²ÑÐµÐ¼ÐµÐ½Ð½Ð¾Ð¹ ÐºÑÑÐ½Ðµ.,1997-01-13,2009-03-17,3.4:,Awaiting Payment
12,13,ÐÐµÐºÑÐ°ÑÐ¸Ð½,4373,163,Ð¤ÑÑÐºÑÑ,"ÐÑÐ»Ð¸ÑÐ°ÐµÑÑÑ Ð½Ð¸Ð·ÐºÐ¸Ð¼ ÑÐ¾Ð´ÐµÑÐ¶Ð°Ð½Ð¸ÐµÐ¼ Ð»Ð°ÐºÑÐ¾Ð·Ñ, ÑÑÐ¾ Ð´ÐµÐ»Ð°ÐµÑ ÐµÐ³Ð¾ Ð´Ð¾ÑÑÑÐ¿Ð½ÑÐ¼ Ð´Ð»Ñ Ð»ÑÐ´ÐµÐ¹ Ñ ÐµÐµ Ð½ÐµÐ¿ÐµÑÐµÐ½Ð¾ÑÐ¸Ð¼Ð¾ÑÑÑÑ.",2007-03-09,2018-08-10,0.94:,Returned
13,14,ÐÐ°ÑÐ° Ð¸Ð· Ð´ÑÐ¾Ð±Ð»ÐµÐ½Ð¾Ð¹ Ð±ÑÐ»Ð³ÑÑÐ°,6435,23,ÐÐ°ÐºÐ°Ð»ÐµÑ,ÐÐ¾Ð´ÑÐ¾Ð´Ð¸Ñ Ð´Ð»Ñ Ð¸ÑÐ¿Ð¾Ð»ÑÐ·Ð¾Ð²Ð°Ð½Ð¸Ñ Ð² ÑÐ¿ÐµÑÐ¸Ð°Ð»Ð¸Ð·Ð¸ÑÐ¾Ð²Ð°Ð½Ð½ÑÑ Ð´Ð¸ÐµÑÐ°Ñ Ð¸ Ð»ÐµÑÐµÐ±Ð½ÑÑ Ð¿ÑÐ¾Ð³ÑÐ°Ð¼Ð¼Ð°Ñ.,2002-01-14,2004-01-03,2.25:,Pending
14,15,ÐÑÐ°Ð½Ð°Ñ,8266,628,Ð¤ÑÑÐºÑÑ,ÐÑÐµÐ´ÑÑÐ°Ð²Ð»ÑÐµÑ ÑÐ¾Ð±Ð¾Ð¹ ÑÐµÐ½Ð½ÑÐ¹ Ð¸ÑÑÐ¾ÑÐ½Ð¸Ðº Ð¿Ð¸ÑÐ°ÑÐµÐ»ÑÐ½ÑÑ Ð²ÐµÑÐµÑÑÐ² Ð´Ð»Ñ ÑÐ°ÑÑÑÑÐµÐ³Ð¾ Ð¾ÑÐ³Ð°Ð½Ð¸Ð·Ð¼Ð°.,2009-04-16,2027-01-03,3.12:,Shipping
15,16,ÐÐºÐ¾ÑÐ¾Ðº,138,924,ÐÑÑÐ¾,"ÐÐ¾Ð¼Ð¾Ð³Ð°ÐµÑ Ð¿Ð¾Ð´Ð´ÐµÑÐ¶Ð¸Ð²Ð°ÑÑ Ð·Ð´Ð¾ÑÐ¾Ð²ÑÑ ÐºÐ¾Ð¶Ñ, Ð²Ð¾Ð»Ð¾ÑÑ Ð¸ Ð½Ð¾Ð³ÑÐ¸ Ð±Ð»Ð°Ð³Ð¾Ð´Ð°ÑÑ ÑÐ¾Ð´ÐµÑÐ¶Ð°Ð½Ð¸Ñ Ð±Ð¸Ð¾ÑÐ¸Ð½Ð°.",1996-03-14,2021-02-13,1.97:,In Stock
16,17,ÐÐ¾Ð²Ð¸Ð´Ð»Ð¾,3814,534,ÐÐ°ÐºÐ°Ð»ÐµÑ,"ÐÐ¾Ð¼Ð¾Ð³Ð°ÐµÑ Ð¿Ð¾Ð´Ð´ÐµÑÐ¶Ð¸Ð²Ð°ÑÑ Ð½Ð¾ÑÐ¼Ð°Ð»ÑÐ½ÑÐ¹ ÑÑÐ¾Ð²ÐµÐ½Ñ Ð³Ð»ÑÐºÐ°Ð³Ð¾Ð½Ð°, Ð³Ð¾ÑÐ¼Ð¾Ð½Ð°, ÑÐµÐ³ÑÐ»Ð¸ÑÑÑÑÐµÐ³Ð¾ ÑÑÐ¾Ð²ÐµÐ½Ñ Ð³Ð»ÑÐºÐ¾Ð·Ñ Ð² ÐºÑÐ¾Ð²Ð¸.",1991-05-14,1993-07-06,2.5:,Shipping
17,18,ÐÐ¾Ð½ÑÐ¸,6927,808,ÐÑÑÐ¾,"ÐÑÐ»Ð¸ÑÐ°ÐµÑÑÑ Ð²ÑÑÐ¾ÐºÐ¸Ð¼ ÑÐ¾Ð´ÐµÑÐ¶Ð°Ð½Ð¸ÐµÐ¼ Ð±ÐµÑÐ°-ÐºÐ°ÑÐ¾ÑÐ¸Ð½Ð°, Ð½ÐµÐ¾Ð±ÑÐ¾Ð´Ð¸Ð¼Ð¾Ð³Ð¾ Ð´Ð»Ñ Ð·Ð´Ð¾ÑÐ¾Ð²ÑÑ Ð³Ð»Ð°Ð· Ð¸ ÐºÐ¾Ð¶Ð¸.",2017-02-05,2030-08-08,3.4:,Returned
18,19,ÐÐµÑÑÑÑÐºÐ° ÑÑÑÐµÐ½Ð°Ñ,5470,377,ÐÐ°ÐºÐ°Ð»ÐµÑ,ÐÐ¾Ð¼Ð¾Ð³Ð°ÐµÑ ÑÐ»ÑÑÑÐ°ÑÑ ÐºÐ°ÑÐµÑÑÐ²Ð¾ ÑÐ½Ð° Ð¸ ÑÐ½Ð¸Ð¶Ð°ÑÑ ÑÑÐ¾Ð²ÐµÐ½Ñ ÑÑÐµÐ²Ð¾Ð¶Ð½Ð¾ÑÑÐ¸.,1998-02-10,2006-01-11,4.29:,Cancelled
19,20,Ð¡Ð±Ð¸ÑÐµÐ½Ñ Ð¼ÐµÐ´Ð¾Ð²ÑÐ¹,8591,393,ÐÐ°Ð¿Ð¸ÑÐºÐ¸,ÐÐ¾Ð´ÑÐ¾Ð´Ð¸Ñ Ð´Ð»Ñ Ð»ÑÐ´ÐµÐ¹ Ñ ÑÑÐ²ÑÑÐ²Ð¸ÑÐµÐ»ÑÐ½ÑÐ¼ Ð¿Ð¸ÑÐµÐ²Ð°ÑÐµÐ½Ð¸ÐµÐ¼.,2002-06-16,2029-01-05,3.25:,Awaiting Review
20,21,Ð¡ÐµÐ»ÑÐ´ÐµÑÐµÐ¹,7668,743,ÐÐ²Ð¾ÑÐ¸,ÐÐ¾Ð¼Ð¾Ð³Ð°ÐµÑ Ð¿Ð¾Ð´Ð´ÐµÑÐ¶Ð¸Ð²Ð°ÑÑ Ð½Ð¾ÑÐ¼Ð°Ð»ÑÐ½ÑÐ¹ ÑÑÐ¾Ð²ÐµÐ½Ñ Ð¼Ð¾ÑÐµÐ²Ð¾Ð¹ ÐºÐ¸ÑÐ»Ð¾ÑÑ Ð² Ð¾ÑÐ³Ð°Ð½Ð¸Ð·Ð¼Ðµ.,1994-01-08,2016-04-09,4.21:,Shipping
21,22,ÐÐ°Ð¹Ð¼Ð°Ðº,5093,169,ÐÐ¾Ð»Ð¾ÑÐ½ÑÐµ Ð¿ÑÐ¾Ð´ÑÐºÑÑ,ÐÑÐ»Ð¸ÑÐ°ÐµÑÑÑ ÑÐ¾ÑÐ¾ÑÐµÐ¹ ÑÐ¾Ð²Ð¼ÐµÑÑÐ¸Ð¼Ð¾ÑÑÑÑ Ñ Ð´ÑÑÐ³Ð¸Ð¼Ð¸ Ð¿ÑÐ¾Ð´ÑÐºÑÐ°Ð¼Ð¸ Ð¿Ð¸ÑÐ°Ð½Ð¸Ñ.,1998-01-07,1999-01-12,0.27:,Backorder
22,23,ÐÐ¾ÑÑÑÐ¸Ð¹ ÑÐ¾ÐºÐ¾Ð»Ð°Ð´,4404,996,ÐÐ°Ð¿Ð¸ÑÐºÐ¸,ÐÐ¾Ð¼Ð¾Ð³Ð°ÐµÑ Ð¿Ð¾Ð´Ð´ÐµÑÐ¶Ð¸Ð²Ð°ÑÑ Ð½Ð¾ÑÐ¼Ð°Ð»ÑÐ½ÑÐ¹ ÑÑÐ¾Ð²ÐµÐ½Ñ pH Ð² Ð¾ÑÐ³Ð°Ð½Ð¸Ð·Ð¼Ðµ.,2005-07-03,2022-07-10,1.92:,Temporarily Unavailable
23,24,ÐÐµÑÐ°Ð´Ð¸Ð»ÑÑ Ñ Ð¼ÑÑÐ¾Ð¼,5992,170,ÐÑÑÐ¾,ÐÐ¾Ð¶ÐµÑ Ð±ÑÑÑ Ð¸ÑÐ¿Ð¾Ð»ÑÐ·Ð¾Ð²Ð°Ð½ Ð² ÐºÐ°ÑÐµÑÑÐ²Ðµ Ð·Ð°Ð¼ÐµÐ½Ð¸ÑÐµÐ»Ñ Ð¼ÐµÐ½ÐµÐµ Ð¿Ð¾Ð»ÐµÐ·Ð½ÑÑ Ð¿ÑÐ¾Ð´ÑÐºÑÐ¾Ð².,2010-08-23,2012-05-09,1.64:,Cancelled
24,25,ÐÐ¾ÑÐ¶Ð¾Ð¼Ð¸,7678,610,ÐÐ°Ð¿Ð¸ÑÐºÐ¸,"ÐÑÐ»Ð¸ÑÐ°ÐµÑÑÑ Ð²ÑÑÐ¾ÐºÐ¸Ð¼ ÑÐ¾Ð´ÐµÑÐ¶Ð°Ð½Ð¸ÐµÐ¼ Ð¿Ð¸ÑÐ¸Ð´Ð¾ÐºÑÐ¸Ð½Ð°, Ð½ÐµÐ¾Ð±ÑÐ¾Ð´Ð¸Ð¼Ð¾Ð³Ð¾ Ð´Ð»Ñ ÑÐ¸Ð½ÑÐµÐ·Ð° Ð½ÐµÐ¹ÑÐ¾Ð¼ÐµÐ´Ð¸Ð°ÑÐ¾ÑÐ¾Ð².",2009-03-01,2024-04-13,0.37:,Awaiting Review
25,26,ÐÐ»Ð¸Ð½ÑÐ²ÐµÐ¹Ð½,2653,72,ÐÐ°Ð¿Ð¸ÑÐºÐ¸,"ÐÑÐ»Ð¸ÑÐ°ÐµÑÑÑ Ð½Ð¸Ð·ÐºÐ¸Ð¼ ÑÐ¾Ð´ÐµÑÐ¶Ð°Ð½Ð¸ÐµÐ¼ Ð½Ð°ÑÑÐ¸Ñ, ÑÑÐ¾ Ð´ÐµÐ»Ð°ÐµÑ ÐµÐ³Ð¾ Ð±ÐµÐ·Ð¾Ð¿Ð°ÑÐ½ÑÐ¼ Ð´Ð»Ñ Ð³Ð¸Ð¿ÐµÑÑÐ¾Ð½Ð¸ÐºÐ¾Ð².",1999-05-01,2019-06-11,0.52:,Refunded
26,27,ÐÐ¸ÑÐµÐ»Ñ ÑÐ³Ð¾Ð´Ð½ÑÐ¹,422,481,ÐÐ°Ð¿Ð¸ÑÐºÐ¸,ÐÐ¾Ð¼Ð¾Ð³Ð°ÐµÑ Ð¿Ð¾Ð´Ð´ÐµÑÐ¶Ð¸Ð²Ð°ÑÑ Ð½Ð¾ÑÐ¼Ð°Ð»ÑÐ½ÑÐ¹ ÑÑÐ¾Ð²ÐµÐ½Ñ ÑÐ¾Ð»ÐµÑÑÐµÑÐ¸Ð½Ð° Ð² ÐºÑÐ¾Ð²Ð¸.,2002-01-20,2011-01-20,2.9:,Shipping
27,28,ÐÐ·Ð¾Ð²ÑÐºÐ°Ñ,9033,887,ÐÐ°Ð¿Ð¸ÑÐºÐ¸,"ÐÑÐ»Ð¸ÑÐ°ÐµÑÑÑ Ð²ÑÑÐ¾ÐºÐ¸Ð¼ ÑÐ¾Ð´ÐµÑÐ¶Ð°Ð½Ð¸ÐµÐ¼ ÐºÐ°Ð»Ð¸Ñ, Ð½ÐµÐ¾Ð±ÑÐ¾Ð´Ð¸Ð¼Ð¾Ð³Ð¾ Ð´Ð»Ñ Ð½Ð¾ÑÐ¼Ð°Ð»ÑÐ½Ð¾Ð¹ ÑÐ°Ð±Ð¾ÑÑ ÑÐµÑÐ´ÑÐ°.",2002-04-21,2023-04-08,2.13:,Backorder
28,29,ÐÐ¾ÐºÐ¾Ñ,8088,480,Ð¤ÑÑÐºÑÑ,"ÐÑÐ»Ð¸ÑÐ°ÐµÑÑÑ Ð²ÑÑÐ¾ÐºÐ¸Ð¼ ÑÐ¾Ð´ÐµÑÐ¶Ð°Ð½Ð¸ÐµÐ¼ Ð²Ð¸ÑÐ°Ð¼Ð¸Ð½Ð° E, Ð½ÐµÐ¾Ð±ÑÐ¾Ð´Ð¸Ð¼Ð¾Ð³Ð¾ Ð´Ð»Ñ Ð·Ð°ÑÐ¸ÑÑ ÐºÐ»ÐµÑÐ¾ÑÐ½ÑÑ Ð¼ÐµÐ¼Ð±ÑÐ°Ð½.",2006-06-13,2021-06-16,0.4:,On Backorder
29,30,Ð¡Ð°ÑÐ°Ñ,3317,110,ÐÐ°ÐºÐ°Ð»ÐµÑ,"ÐÑÐ»Ð¸ÑÐ°ÐµÑÑÑ Ð²ÑÑÐ¾ÐºÐ¸Ð¼ ÑÐ¾Ð´ÐµÑÐ¶Ð°Ð½Ð¸ÐµÐ¼ L-ÐºÐ°ÑÐ½Ð¾Ð·Ð¸Ð½Ð°, Ð°Ð¼Ð¸Ð½Ð¾ÐºÐ¸ÑÐ»Ð¾ÑÑ, Ð¿Ð¾Ð»ÐµÐ·Ð½Ð¾Ð¹ Ð´Ð»Ñ Ð¼ÑÑÑ Ð¸ Ð¼Ð¾Ð·Ð³Ð°.",2015-02-10,2016-10-05,0.78:,Delivered
30,31,Ð¡Ð¾ÐµÐ²ÑÐ¹ Ð½Ð°Ð¿Ð¸ÑÐ¾Ðº,7011,207,ÐÐ°Ð¿Ð¸ÑÐºÐ¸,"ÐÑÐ»Ð¸ÑÐ°ÐµÑÑÑ Ð²ÑÑÐ¾ÐºÐ¸Ð¼ ÑÐ¾Ð´ÐµÑÐ¶Ð°Ð½Ð¸ÐµÐ¼ ÑÐ»Ð»Ð°Ð³Ð¾Ð²Ð¾Ð¹ ÐºÐ¸ÑÐ»Ð¾ÑÑ, Ð²ÐµÑÐµÑÑÐ²Ð°, Ð¾Ð±Ð»Ð°Ð´Ð°ÑÑÐµÐ³Ð¾ Ð¿ÑÐ¾ÑÐ¸Ð²Ð¾ÑÐ°ÐºÐ¾Ð²ÑÐ¼Ð¸ ÑÐ²Ð¾Ð¹ÑÑÐ²Ð°Ð¼Ð¸.",2001-05-22,2018-03-18,1.56:,Returned
31,32,ÐÐ°Ð½Ð´Ð°ÑÐ¸Ð½,785,371,Ð¤ÑÑÐºÑÑ,ÐÑÐ»Ð¸ÑÐ°ÐµÑÑÑ Ð½Ð¸Ð·ÐºÐ¾Ð¹ Ð²ÐµÑÐ¾ÑÑÐ½Ð¾ÑÑÑÑ Ð²Ð¾Ð·Ð½Ð¸ÐºÐ½Ð¾Ð²ÐµÐ½Ð¸Ñ Ð¿Ð¾Ð±Ð¾ÑÐ½ÑÑ ÑÑÑÐµÐºÑÐ¾Ð² Ð¿ÑÐ¸ ÑÐ¿Ð¾ÑÑÐµÐ±Ð»ÐµÐ½Ð¸Ð¸.,2017-04-01,2019-02-13,2.26:,In Stock
32,33,ÐÐ¸Ð¼Ð¾Ð½,5003,559,Ð¤ÑÑÐºÑÑ,"ÐÑÐ»Ð¸ÑÐ°ÐµÑÑÑ Ð²ÑÑÐ¾ÐºÐ¸Ð¼ ÑÐ¾Ð´ÐµÑÐ¶Ð°Ð½Ð¸ÐµÐ¼ ÑÑÑÐ¸Ð½Ð°, ÑÐ»Ð°Ð²Ð¾Ð½Ð¾Ð¸Ð´Ð°, ÑÐºÑÐµÐ¿Ð»ÑÑÑÐµÐ³Ð¾ ÑÐ¾ÑÑÐ´Ñ Ð¸ ÑÐ»ÑÑÑÐ°ÑÑÐµÐ³Ð¾ ÐºÑÐ¾Ð²Ð¾Ð¾Ð±ÑÐ°ÑÐµÐ½Ð¸Ðµ.",2006-03-01,2010-11-07,4.44:,Available for Pickup
33,34,Ð¡Ð¿Ð°ÑÐ¶Ð°,5016,235,ÐÐ²Ð¾ÑÐ¸,ÐÑÐ²ÐµÑÐ°ÐµÑ Ð²ÑÐµÐ¼ ÑÐ¾Ð²ÑÐµÐ¼ÐµÐ½Ð½ÑÐ¼ ÑÑÐ°Ð½Ð´Ð°ÑÑÐ°Ð¼ ÐºÐ°ÑÐµÑÑÐ²Ð° Ð¸ Ð±ÐµÐ·Ð¾Ð¿Ð°ÑÐ½Ð¾ÑÑÐ¸.,2004-03-08,2024-02-01,0.06:,Refunded
34,35,ÐÐºÑÐ°,8431,764,ÐÐ²Ð¾ÑÐ¸,Ð ÐµÐºÐ¾Ð¼ÐµÐ½Ð´ÑÐµÑÑÑ Ð´Ð»Ñ Ð²ÐºÐ»ÑÑÐµÐ½Ð¸Ñ Ð² ÑÐ°ÑÐ¸Ð¾Ð½ Ð±ÐµÑÐµÐ¼ÐµÐ½Ð½ÑÑ Ð¶ÐµÐ½ÑÐ¸Ð½ Ð¸ ÐºÐ¾ÑÐ¼ÑÑÐ¸Ñ Ð¼Ð°ÑÐµÑÐµÐ¹.,1994-01-06,2029-04-09,4.22:,Returned
35,36,Ð¡ÑÑÐ´ÐµÐ½Ñ,1377,671,ÐÑÑÐ¾,"ÐÐ¾Ð¶ÐµÑ Ð¸ÑÐ¿Ð¾Ð»ÑÐ·Ð¾Ð²Ð°ÑÑÑÑ ÐºÐ°Ðº Ð¾ÑÐ½Ð¾Ð²Ð° Ð´Ð»Ñ Ð¿ÑÐ¸Ð³Ð¾ÑÐ¾Ð²Ð»ÐµÐ½Ð¸Ñ Ð´Ð¾Ð¼Ð°ÑÐ½Ð¸Ñ Ð¹Ð¾Ð³ÑÑÑÐ¾Ð², ÑÑÑÐ¾Ð² Ð¸ Ð´ÑÑÐ³Ð¸Ñ Ð¼Ð¾Ð»Ð¾ÑÐ½ÑÑ Ð¿ÑÐ¾Ð´ÑÐºÑÐ¾Ð².",2020-05-05,2021-03-22,3.25:,Returned
36,37,ÐÐ°ÑÑÑÑÐ»Ð¸,9807,589,Ð¢Ð¾Ð²Ð°ÑÑ Ð´Ð»Ñ Ð´Ð¾Ð¼Ð°,ÐÐ¾Ð¼Ð¾Ð³Ð°ÐµÑ Ð¿Ð¾Ð´Ð´ÐµÑÐ¶Ð¸Ð²Ð°ÑÑ Ð½Ð¾ÑÐ¼Ð°Ð»ÑÐ½ÑÐ¹ ÑÑÐ¾Ð²ÐµÐ½Ñ Ð³Ð»ÑÐºÐ¾Ð·Ñ Ð² ÐºÑÐ¾Ð²Ð¸.,2009-06-02,2029-01-05,3.26:,Refunded
37,38,ÐÑÐºÑÑÑÐ·Ð° ÐºÐ¾Ð½ÑÐµÑÐ²Ð¸ÑÐ¾Ð²Ð°Ð½Ð½Ð°Ñ,7769,136,ÐÐ°ÐºÐ°Ð»ÐµÑ,ÐÐ¾Ð¼Ð¾Ð³Ð°ÐµÑ ÑÐ»ÑÑÑÐ°ÑÑ ÐºÐ°ÑÐµÑÑÐ²Ð¾ ÑÐ½Ð° Ð¸ ÑÐ½Ð¸Ð¶Ð°ÑÑ ÑÑÐ¾Ð²ÐµÐ½Ñ ÑÑÐµÐ²Ð¾Ð¶Ð½Ð¾ÑÑÐ¸.,2002-01-07,2012-05-03,4.83:,Awaiting Review
38,39,Ð¢Ð¸Ð¼ÑÑÐ½ ÑÑÑÐµÐ½ÑÐ¹,8547,442,ÐÐ°ÐºÐ°Ð»ÐµÑ,"ÐÑÐ»Ð¸ÑÐ°ÐµÑÑÑ Ð²ÑÑÐ¾ÐºÐ¸Ð¼ ÑÐ¾Ð´ÐµÑÐ¶Ð°Ð½Ð¸ÐµÐ¼ ÑÐ»Ð»Ð°Ð³Ð¾Ð²Ð¾Ð¹ ÐºÐ¸ÑÐ»Ð¾ÑÑ, Ð²ÐµÑÐµÑÑÐ²Ð°, Ð¾Ð±Ð»Ð°Ð´Ð°ÑÑÐµÐ³Ð¾ Ð¿ÑÐ¾ÑÐ¸Ð²Ð¾ÑÐ°ÐºÐ¾Ð²ÑÐ¼Ð¸ ÑÐ²Ð¾Ð¹ÑÑÐ²Ð°Ð¼Ð¸.",2016-02-14,2026-01-08,0.58:,Backorder
39,40,Ð¡ÐµÑÐ²ÐµÐ»Ð°Ñ,3441,744,ÐÑÑÐ¾,"ÐÑÐ»Ð¸ÑÐ°ÐµÑÑÑ Ð²ÑÑÐ¾ÐºÐ¸Ð¼ ÑÐ¾Ð´ÐµÑÐ¶Ð°Ð½Ð¸ÐµÐ¼ Ð²Ð¸ÑÐ°Ð¼Ð¸Ð½Ð° K, Ð½ÐµÐ¾Ð±ÑÐ¾Ð´Ð¸Ð¼Ð¾Ð³Ð¾ Ð´Ð»Ñ ÑÐ²ÐµÑÑÑÐ²Ð°Ð½Ð¸Ñ ÐºÑÐ¾Ð²Ð¸ Ð¸ Ð·Ð´Ð¾ÑÐ¾Ð²ÑÑ ÐºÐ¾ÑÑÐµÐ¹.",2021-02-25,2025-05-07,1.57:,Temporarily Unavailable
40,41,ÐÐ¾Ð»Ð¾ÐºÐ¾,1988,865,ÐÐ¾Ð»Ð¾ÑÐ½ÑÐµ Ð¿ÑÐ¾Ð´ÑÐºÑÑ,"ÐÐ¾Ð´ÑÐ¾Ð´Ð¸Ñ Ð´Ð»Ñ Ð²ÐµÐ³Ð°Ð½Ð¾Ð² Ð¸ Ð²ÐµÐ³ÐµÑÐ°ÑÐ¸Ð°Ð½ÑÐµÐ², ÐµÑÐ»Ð¸ Ð¿ÑÐ¾Ð¸Ð·Ð²ÐµÐ´ÐµÐ½ Ð±ÐµÐ· Ð¸ÑÐ¿Ð¾Ð»ÑÐ·Ð¾Ð²Ð°Ð½Ð¸Ñ Ð¶Ð¸Ð²Ð¾ÑÐ½ÑÑ ÐºÐ¾Ð¼Ð¿Ð¾Ð½ÐµÐ½ÑÐ¾Ð².",1993-09-02,2030-07-17,1.81:,Temporarily Unavailable
41,42,ÐÑÐ½Ñ,5569,277,Ð¤ÑÑÐºÑÑ,ÐÐ¾Ð¼Ð¾Ð³Ð°ÐµÑ ÑÐºÑÐµÐ¿Ð»ÑÑÑ ÑÑÐµÐ½ÐºÐ¸ ÑÐ¾ÑÑÐ´Ð¾Ð² Ð¸ ÑÐ»ÑÑÑÐ°ÑÑ ÐºÑÐ¾Ð²Ð¾Ð¾Ð±ÑÐ°ÑÐµÐ½Ð¸Ðµ.,2022-04-09,2030-06-01,3.11:,Awaiting Payment
42,43,ÐÐ°Ð½Ð°Ð½,9877,278,Ð¤ÑÑÐºÑÑ,"ÐÑÐ»Ð¸ÑÐ°ÐµÑÑÑ Ð²ÑÑÐ¾ÐºÐ¸Ð¼ ÑÐ¾Ð´ÐµÑÐ¶Ð°Ð½Ð¸ÐµÐ¼ Ð³ÐµÐ½Ð¸ÑÑÐµÐ¸Ð½Ð°, Ð¸Ð·Ð¾ÑÐ»Ð°Ð²Ð¾Ð½Ð°, Ð¿Ð¾Ð»ÐµÐ·Ð½Ð¾Ð³Ð¾ Ð´Ð»Ñ Ð·Ð´Ð¾ÑÐ¾Ð²ÑÑ ÐºÐ¾ÑÑÐµÐ¹ Ð¸ Ð¿ÑÐ¾ÑÐ¸Ð»Ð°ÐºÑÐ¸ÐºÐ¸ ÑÐ°ÐºÐ°.",2013-01-07,2024-09-06,4.29:,Cancelled
43,44,Ð¡Ð¾Ðº ÑÐ¾Ð¼Ð°ÑÐ½ÑÐ¹,6473,982,ÐÐ°Ð¿Ð¸ÑÐºÐ¸,"ÐÐ¾Ð¼Ð¾Ð³Ð°ÐµÑ Ð¿Ð¾Ð´Ð´ÐµÑÐ¶Ð¸Ð²Ð°ÑÑ Ð½Ð¾ÑÐ¼Ð°Ð»ÑÐ½ÑÐ¹ ÑÑÐ¾Ð²ÐµÐ½Ñ Ð³Ð»ÑÑÐ°ÑÐ¸Ð¾Ð½Ð°, Ð³Ð»Ð°Ð²Ð½Ð¾Ð³Ð¾ Ð°Ð½ÑÐ¸Ð¾ÐºÑÐ¸Ð´Ð°Ð½ÑÐ° Ð¾ÑÐ³Ð°Ð½Ð¸Ð·Ð¼Ð°.",2017-04-20,2026-01-17,4.17:,Available for Pickup
44,45,ÐÑÐ¾ÐºÐºÐ¾Ð»Ð¸,2717,188,ÐÐ²Ð¾ÑÐ¸,"ÐÑÐ»Ð¸ÑÐ°ÐµÑÑÑ Ð²ÑÑÐ¾ÐºÐ¸Ð¼ ÑÐ¾Ð´ÐµÑÐ¶Ð°Ð½Ð¸ÐµÐ¼ Ð¸Ð½Ð¾Ð·Ð¸ÑÐ¾Ð»Ð°, Ð½ÐµÐ¾Ð±ÑÐ¾Ð´Ð¸Ð¼Ð¾Ð³Ð¾ Ð´Ð»Ñ Ð·Ð´Ð¾ÑÐ¾Ð²ÑÑ Ð½ÐµÑÐ²Ð½Ð¾Ð¹ ÑÐ¸ÑÑÐµÐ¼Ñ.",2006-02-10,2030-04-01,3.68:,New
45,46,ÐÐ°ÑÑÐ°Ð½Ð´ÑÐ°,5186,814,ÐÐ°Ð¿Ð¸ÑÐºÐ¸,ÐÑÐ»Ð¸ÑÐ°ÐµÑÑÑ ÑÐ¾ÑÐ¾ÑÐ¸Ð¼ ÑÐ¾ÑÐµÑÐ°Ð½Ð¸ÐµÐ¼ Ñ ÑÐ°Ð·Ð»Ð¸ÑÐ½ÑÐ¼Ð¸ ÑÐ¿ÐµÑÐ¸ÑÐ¼Ð¸ Ð¸ Ð¿ÑÐ¸Ð¿ÑÐ°Ð²Ð°Ð¼Ð¸.,2010-06-01,2020-09-09,1.89:,Available for Pickup
46,47,ÐÐ¾Ð½ÐµÑ-ÐºÐµÐ±Ð°Ð±,3823,700,ÐÑÑÐ¾,"ÐÑÐ»Ð¸ÑÐ°ÐµÑÑÑ Ð²ÑÑÐ¾ÐºÐ¸Ð¼ ÑÐ¾Ð´ÐµÑÐ¶Ð°Ð½Ð¸ÐµÐ¼ ÑÐ»Ð»Ð°Ð³Ð¾Ð²Ð¾Ð¹ ÐºÐ¸ÑÐ»Ð¾ÑÑ, Ð²ÐµÑÐµÑÑÐ²Ð°, Ð¾Ð±Ð»Ð°Ð´Ð°ÑÑÐµÐ³Ð¾ Ð¿ÑÐ¾ÑÐ¸Ð²Ð¾ÑÐ°ÐºÐ¾Ð²ÑÐ¼Ð¸ ÑÐ²Ð¾Ð¹ÑÑÐ²Ð°Ð¼Ð¸.",2011-01-04,2023-01-08,1.04:,Cancelled
47,48,ÐÐ¾Ð½ÑÐµÑÐ²Ð½ÑÐ¹ Ð½Ð¾Ð¶,3292,68,Ð¢Ð¾Ð²Ð°ÑÑ Ð´Ð»Ñ Ð´Ð¾Ð¼Ð°,"ÐÐ¾Ð¼Ð¾Ð³Ð°ÐµÑ Ð¿Ð¾Ð´Ð´ÐµÑÐ¶Ð¸Ð²Ð°ÑÑ Ð½Ð¾ÑÐ¼Ð°Ð»ÑÐ½ÑÐ¹ ÑÑÐ¾Ð²ÐµÐ½Ñ ÑÐ°Ð½Ð¸Ð½Ð¾Ð², Ð²ÐµÑÐµÑÑÐ², Ð¾Ð±Ð»Ð°Ð´Ð°ÑÑÐ¸Ñ Ð²ÑÐ¶ÑÑÐ¸Ð¼Ð¸ Ð¸ Ð°Ð½ÑÐ¸ÑÐµÐ¿ÑÐ¸ÑÐµÑÐºÐ¸Ð¼Ð¸ ÑÐ²Ð¾Ð¹ÑÑÐ²Ð°Ð¼Ð¸.",1996-02-17,2005-02-01,1.87:,Refunded
48,49,ÐÐ°ÑÐ° Ð¸Ð· Ð´ÑÐ¾Ð±Ð»ÐµÐ½Ð½Ð¾Ð¹ Ð¼Ð°Ð½Ð½Ð¾Ð¹ ÐºÑÑÐ¿Ñ,7766,732,ÐÐ°ÐºÐ°Ð»ÐµÑ,ÐÐ¾Ð¶ÐµÑ Ð±ÑÑÑ Ð¸ÑÐ¿Ð¾Ð»ÑÐ·Ð¾Ð²Ð°Ð½ Ð² Ð²ÑÐ¿ÐµÑÐºÐµ Ð´Ð»Ñ Ð¿ÑÐ¸Ð´Ð°Ð½Ð¸Ñ ÐµÐ¹ Ð¾ÑÐ¾Ð±Ð¾Ð¹ Ð¿ÑÑÐ½Ð¾ÑÑÐ¸ Ð¸ Ð°ÑÐ¾Ð¼Ð°ÑÐ°.,1999-05-04,2029-03-09,1.71:,Cancelled
49,50,ÐÐ°ÑÐ´Ð°Ð¼Ð¾Ð½ Ð¼Ð¾Ð»Ð¾ÑÑÐ¹,3433,138,ÐÐ°ÐºÐ°Ð»ÐµÑ,"ÐÑÐ¾Ð¸Ð·Ð²Ð¾Ð´Ð¸ÑÑÑ Ð¸Ð· Ð²ÑÑÐ¾ÐºÐ¾ÐºÐ°ÑÐµÑÑÐ²ÐµÐ½Ð½Ð¾Ð³Ð¾ ÑÑÑÑÑ, ÑÑÐ¾ Ð³Ð°ÑÐ°Ð½ÑÐ¸ÑÑÐµÑ ÐµÐ³Ð¾ Ð±ÐµÐ·Ð¾Ð¿Ð°ÑÐ½Ð¾ÑÑÑ Ð¸ Ð¿Ð¾Ð»ÑÐ·Ñ Ð´Ð»Ñ Ð·Ð´Ð¾ÑÐ¾Ð²ÑÑ.",2017-01-13,2029-08-03,4.23:,Delivered
50,51,ÐÐ°Ð¼Ð°Ð¼Ð±ÐµÑ,9150,606,ÐÐ¾Ð»Ð¾ÑÐ½ÑÐµ Ð¿ÑÐ¾Ð´ÑÐºÑÑ,"ÐÑÐ»Ð¸ÑÐ°ÐµÑÑÑ ÑÐ¸ÑÐ¾ÐºÐ¸Ð¼ Ð°ÑÑÐ¾ÑÑÐ¸Ð¼ÐµÐ½ÑÐ¾Ð¼ Ð²ÐºÑÑÐ¾Ð² Ð¸ ÑÐ¾ÑÐ¼Ð°ÑÐ¾Ð², ÑÐ´Ð¾Ð²Ð»ÐµÑÐ²Ð¾ÑÑÑ Ð¿Ð¾ÑÑÐµÐ±Ð½Ð¾ÑÑÐ¸ ÑÐ°Ð·Ð½ÑÑ ÐºÐ°ÑÐµÐ³Ð¾ÑÐ¸Ð¹ Ð¿Ð¾ÑÑÐµÐ±Ð¸ÑÐµÐ»ÐµÐ¹.",2012-06-08,2014-03-13,4.79:,Cancelled
51,52,ÐÐ°ÑÐ´Ð°Ð¼Ð¾Ð½ Ð¼Ð¾Ð»Ð¾ÑÑÐ¹,7948,750,ÐÐ°ÐºÐ°Ð»ÐµÑ,ÐÐ¾Ð¼Ð¾Ð³Ð°ÐµÑ Ð¿Ð¾Ð´Ð´ÐµÑÐ¶Ð¸Ð²Ð°ÑÑ Ð½Ð¾ÑÐ¼Ð°Ð»ÑÐ½ÑÐ¹ ÑÑÐ¾Ð²ÐµÐ½Ñ Ð³ÐµÐ¼Ð¾Ð³Ð»Ð¾Ð±Ð¸Ð½Ð° Ð² ÐºÑÐ¾Ð²Ð¸.,1998-02-07,2021-08-18,1.53:,Out of Stock
52,53,ÐÐ°Ð¼Ð°Ð¼Ð±ÐµÑ,3463,744,ÐÐ¾Ð»Ð¾ÑÐ½ÑÐµ Ð¿ÑÐ¾Ð´ÑÐºÑÑ,"ÐÑÐ»Ð¸ÑÐ°ÐµÑÑÑ Ð²ÑÑÐ¾ÐºÐ¸Ð¼ ÑÐ¾Ð´ÐµÑÐ¶Ð°Ð½Ð¸ÐµÐ¼ ÑÐµÑÐ²ÐµÑÐ°ÑÑÐ¾Ð»Ð°, Ð²ÐµÑÐµÑÑÐ²Ð°, Ð¾Ð±Ð»Ð°Ð´Ð°ÑÑÐµÐ³Ð¾ Ð°Ð½ÑÐ¸Ð²Ð¾Ð·ÑÐ°ÑÑÐ½ÑÐ¼Ð¸ ÑÐ²Ð¾Ð¹ÑÑÐ²Ð°Ð¼Ð¸.",2010-02-17,2017-01-01,3.67:,Awaiting Payment
53,54,ÐÐ°ÐºÐµÑÑ Ð´Ð»Ñ Ð¿Ð¸ÐºÐ½Ð¸ÐºÐ¾Ð²,165,837,Ð¢Ð¾Ð²Ð°ÑÑ Ð´Ð»Ñ Ð´Ð¾Ð¼Ð°,"ÐÑÐ¾Ð¸Ð·Ð²Ð¾Ð´Ð¸ÑÑÑ Ð¸Ð· Ð²ÑÑÐ¾ÐºÐ¾ÐºÐ°ÑÐµÑÑÐ²ÐµÐ½Ð½Ð¾Ð³Ð¾ ÑÑÑÑÑ, ÑÑÐ¾ Ð³Ð°ÑÐ°Ð½ÑÐ¸ÑÑÐµÑ ÐµÐ³Ð¾ Ð±ÐµÐ·Ð¾Ð¿Ð°ÑÐ½Ð¾ÑÑÑ Ð¸ Ð¿Ð¾Ð»ÑÐ·Ñ Ð´Ð»Ñ Ð·Ð´Ð¾ÑÐ¾Ð²ÑÑ.",1999-07-03,2012-02-11,0.89:,Pending
54,55,ÐÑÐ¾ÐºÐºÐ¾Ð»Ð¸,7842,11,ÐÐ²Ð¾ÑÐ¸,ÐÐ¾Ð¶ÐµÑ Ð¸ÑÐ¿Ð¾Ð»ÑÐ·Ð¾Ð²Ð°ÑÑÑÑ Ð² ÐºÐ¾ÑÐ¼ÐµÑÐ¸ÑÐµÑÐºÐ¸Ñ Ð¿ÑÐ¾ÑÐµÐ´ÑÑÐ°Ñ Ð´Ð»Ñ ÑÐ²Ð»Ð°Ð¶Ð½ÐµÐ½Ð¸Ñ ÐºÐ¾Ð¶Ð¸.,2011-02-15,2030-07-01,1.7:,Backorder
55,56,ÐÐ¾ÑÑÐµÐ»ÑÐ½Ð¾Ðµ Ð±ÐµÐ»ÑÐµ,5597,411,Ð¢Ð¾Ð²Ð°ÑÑ Ð´Ð»Ñ Ð´Ð¾Ð¼Ð°,ÐÐ¾Ð¶ÐµÑ Ð¸ÑÐ¿Ð¾Ð»ÑÐ·Ð¾Ð²Ð°ÑÑÑÑ Ð² ÐºÐ¾ÑÐ¼ÐµÑÐ¸ÑÐµÑÐºÐ¸Ñ Ð¿ÑÐ¾ÑÐµÐ´ÑÑÐ°Ñ Ð´Ð»Ñ ÑÐ²Ð»Ð°Ð¶Ð½ÐµÐ½Ð¸Ñ ÐºÐ¾Ð¶Ð¸.,2004-09-05,2015-12-18,3.44:,Awaiting Review
56,57,ÐÐ¾Ð³ÑÑÑ Ð¿Ð¸ÑÑÐµÐ²Ð¾Ð¹,1104,682,ÐÐ°Ð¿Ð¸ÑÐºÐ¸,"ÐÑÐ»Ð¸ÑÐ°ÐµÑÑÑ Ð²ÑÑÐ¾ÐºÐ¸Ð¼ ÑÐ¾Ð´ÐµÑÐ¶Ð°Ð½Ð¸ÐµÐ¼ ÑÐ¸Ð°Ð¼Ð¸Ð½Ð°, Ð½ÐµÐ¾Ð±ÑÐ¾Ð´Ð¸Ð¼Ð¾Ð³Ð¾ Ð´Ð»Ñ Ð½Ð¾ÑÐ¼Ð°Ð»ÑÐ½Ð¾Ð³Ð¾ ÑÑÐ½ÐºÑÐ¸Ð¾Ð½Ð¸ÑÐ¾Ð²Ð°Ð½Ð¸Ñ Ð½ÐµÑÐ²Ð½Ð¾Ð¹ ÑÐ¸ÑÑÐµÐ¼Ñ.",1997-08-01,2015-02-09,3.05:,Temporarily Unavailable
57,58,Ð¯Ð±Ð»Ð¾ÐºÐ¾,3873,494,Ð¤ÑÑÐºÑÑ,ÐÑÐ»Ð¸ÑÐ°ÐµÑÑÑ Ð²ÑÑÐ¾ÐºÐ¾Ð¹ Ð¿Ð¸ÑÐ°ÑÐµÐ»ÑÐ½Ð¾ÑÑÑÑ Ð¸ ÑÐ¿Ð¾ÑÐ¾Ð±ÐµÐ½ Ð±ÑÑÑÑÐ¾ ÑÑÐ¾Ð»Ð¸ÑÑ Ð³Ð¾Ð»Ð¾Ð´.,1990-07-01,1999-06-10,0.88:,Awaiting Review
58,59,ÐÐµÐ½Ð·ÐµÐ½ÑÐºÐ°Ñ,1555,332,ÐÐ°Ð¿Ð¸ÑÐºÐ¸,ÐÐ¾Ð¼Ð¾Ð³Ð°ÐµÑ ÑÐ»ÑÑÑÐ°ÑÑ ÐºÐ°ÑÐµÑÑÐ²Ð¾ ÑÐ½Ð° Ð¸ ÑÐ½Ð¸Ð¶Ð°ÑÑ ÑÑÐ¾Ð²ÐµÐ½Ñ ÑÑÐµÐ²Ð¾Ð¶Ð½Ð¾ÑÑÐ¸.,2013-02-11,2023-09-02,0.14:,Delivered
59,60,Ð¡Ð»Ð¸Ð²ÐºÐ¸,6710,526,ÐÐ¾Ð»Ð¾ÑÐ½ÑÐµ Ð¿ÑÐ¾Ð´ÑÐºÑÑ,ÐÑÑÐ¾ÐºÐ¾Ðµ ÑÐ¾Ð´ÐµÑÐ¶Ð°Ð½Ð¸Ðµ Ð±ÐµÐ»ÐºÐ° Ð¾Ð±ÐµÑÐ¿ÐµÑÐ¸Ð²Ð°ÐµÑ Ð´Ð»Ð¸ÑÐµÐ»ÑÐ½Ð¾Ðµ ÑÑÐ²ÑÑÐ²Ð¾ ÑÑÑÐ¾ÑÑÐ¸ Ð¸ ÑÐ¿Ð¾ÑÐ¾Ð±ÑÑÐ²ÑÐµÑ Ð¿Ð¾Ð´Ð´ÐµÑÐ¶Ð°Ð½Ð¸Ñ Ð¼ÑÑÐµÑÐ½Ð¾Ð¹ Ð¼Ð°ÑÑÑ.,2011-05-16,2016-01-16,2.43:,Shipping
60,61,ÐÐ°ÑÑÐ¸Ð½ÑÐºÐ°Ñ,8064,419,ÐÐ°Ð¿Ð¸ÑÐºÐ¸,"Ð¯Ð²Ð»ÑÐµÑÑÑ Ð¸ÑÑÐ¾ÑÐ½Ð¸ÐºÐ¾Ð¼ Ð½ÐµÐ·Ð°Ð¼ÐµÐ½Ð¸Ð¼ÑÑ Ð°Ð¼Ð¸Ð½Ð¾ÐºÐ¸ÑÐ»Ð¾Ñ, Ð½ÐµÐ¾Ð±ÑÐ¾Ð´Ð¸Ð¼ÑÑ Ð´Ð»Ñ Ð¿Ð¾ÑÑÑÐ¾ÐµÐ½Ð¸Ñ Ð¼ÑÑÑ.",2017-07-09,2019-03-04,1.92:,Available for Pickup
61,62,ÐÐ°Ð¼Ð±ÑÑÐ³ÐµÑÑ,5312,752,ÐÑÑÐ¾,ÐÑÐ»Ð¸ÑÐ°ÐµÑÑÑ Ð»ÐµÐ³ÐºÐ¾ÑÑÑÑ Ð² Ð¿ÐµÑÐµÐ²Ð°ÑÐ¸Ð²Ð°Ð½Ð¸Ð¸ Ð¸ ÑÑÐ²Ð¾ÐµÐ½Ð¸Ð¸ Ð¾ÑÐ³Ð°Ð½Ð¸Ð·Ð¼Ð¾Ð¼.,1993-01-02,2013-03-12,3.29:,Pending
62,63,ÐÐ¾Ð»Ð»Ð°Ð½Ð´ÑÐºÐ¸Ð¹ ÑÑÑ,3120,5,ÐÐ¾Ð»Ð¾ÑÐ½ÑÐµ Ð¿ÑÐ¾Ð´ÑÐºÑÑ,"ÐÑÐ»Ð¸ÑÐ°ÐµÑÑÑ Ð²ÑÑÐ¾ÐºÐ¸Ð¼ ÑÐ¾Ð´ÐµÑÐ¶Ð°Ð½Ð¸ÐµÐ¼ ÑÐµÑÐ²ÐµÑÐ°ÑÑÐ¾Ð»Ð°, Ð²ÐµÑÐµÑÑÐ²Ð°, Ð¾Ð±Ð»Ð°Ð´Ð°ÑÑÐµÐ³Ð¾ Ð°Ð½ÑÐ¸Ð²Ð¾Ð·ÑÐ°ÑÑÐ½ÑÐ¼Ð¸ ÑÐ²Ð¾Ð¹ÑÑÐ²Ð°Ð¼Ð¸.",2009-05-04,2020-03-03,0.46:,Cancelled
63,64,Perrier,4377,969,ÐÐ°Ð¿Ð¸ÑÐºÐ¸,"ÐÐ¾Ð´ÑÐ¾Ð´Ð¸Ñ Ð´Ð»Ñ Ð»ÑÐ´ÐµÐ¹ Ð²ÑÐµÑ Ð²Ð¾Ð·ÑÐ°ÑÑÐ¾Ð², Ð²ÐºÐ»ÑÑÐ°Ñ Ð´ÐµÑÐµÐ¹ Ð¸ Ð¿Ð¾Ð¶Ð¸Ð»ÑÑ.",1998-03-04,2028-03-19,3.35:,On Backorder
64,65,ÐÐ°Ð¿ÑÑÐ¸Ð½Ð¾,588,99,ÐÐ°Ð¿Ð¸ÑÐºÐ¸,"ÐÑÐ»Ð¸ÑÐ°ÐµÑÑÑ Ð²ÑÑÐ¾ÐºÐ¸Ð¼ ÑÐ¾Ð´ÐµÑÐ¶Ð°Ð½Ð¸ÐµÐ¼ Ð³ÐµÐ½Ð¸ÑÑÐµÐ¸Ð½Ð°, Ð¸Ð·Ð¾ÑÐ»Ð°Ð²Ð¾Ð½Ð°, Ð¿Ð¾Ð»ÐµÐ·Ð½Ð¾Ð³Ð¾ Ð´Ð»Ñ Ð·Ð´Ð¾ÑÐ¾Ð²ÑÑ ÐºÐ¾ÑÑÐµÐ¹ Ð¸ Ð¿ÑÐ¾ÑÐ¸Ð»Ð°ÐºÑÐ¸ÐºÐ¸ ÑÐ°ÐºÐ°.",2016-06-01,2030-05-14,2.07:,Returned
65,66,Ð¢ÑÐºÐ²Ð°,8752,844,ÐÐ²Ð¾ÑÐ¸,"ÐÑÐ»Ð¸ÑÐ°ÐµÑÑÑ Ð²ÑÑÐ¾ÐºÐ¸Ð¼ ÑÐ¾Ð´ÐµÑÐ¶Ð°Ð½Ð¸ÐµÐ¼ ÑÐµÑÐ²ÐµÑÐ°ÑÑÐ¾Ð»Ð°, Ð²ÐµÑÐµÑÑÐ²Ð°, Ð¾Ð±Ð»Ð°Ð´Ð°ÑÑÐµÐ³Ð¾ Ð°Ð½ÑÐ¸Ð²Ð¾Ð·ÑÐ°ÑÑÐ½ÑÐ¼Ð¸ ÑÐ²Ð¾Ð¹ÑÑÐ²Ð°Ð¼Ð¸.",1992-01-14,2011-08-02,2.0:,Refunded
66,67,ÐÐ¾Ð»Ð¾Ð²Ð°,5021,784,ÐÑÑÐ¾,ÐÑÐ»Ð¸ÑÐ°ÐµÑÑÑ Ð²ÑÑÐ¾ÐºÐ¾Ð¹ ÑÑÐ²Ð¾ÑÐµÐ¼Ð¾ÑÑÑÑ Ð¸ Ð½Ðµ Ð²ÑÐ·ÑÐ²Ð°ÐµÑ Ð´Ð¸ÑÐºÐ¾Ð¼ÑÐ¾ÑÑÐ° Ð² Ð¶ÐµÐ»ÑÐ´ÐºÐµ.,1991-01-07,2008-06-11,2.22:,New
67,68,Ð¡Ð¿Ð°ÑÐ¶Ð°,8288,59,ÐÐ²Ð¾ÑÐ¸,ÐÐ¾Ð¶ÐµÑ Ð¸ÑÐ¿Ð¾Ð»ÑÐ·Ð¾Ð²Ð°ÑÑÑÑ Ð² ÐºÐ¾ÑÐ¼ÐµÑÐ¸ÑÐµÑÐºÐ¸Ñ Ð¿ÑÐ¾ÑÐµÐ´ÑÑÐ°Ñ Ð´Ð»Ñ ÑÐ²Ð»Ð°Ð¶Ð½ÐµÐ½Ð¸Ñ ÐºÐ¾Ð¶Ð¸.,2022-04-06,2029-04-03,3.59:,New
68,69,Ð©Ð°Ð²ÐµÐ»Ñ,3902,726,ÐÐ²Ð¾ÑÐ¸,ÐÑÐ¾ÑÐµÐ» ÑÐµÑÑÐ¸ÑÐ¸ÐºÐ°ÑÐ¸Ñ Ð½Ð° ÑÐ¾Ð¾ÑÐ²ÐµÑÑÑÐ²Ð¸Ðµ ÑÑÐµÐ±Ð¾Ð²Ð°Ð½Ð¸ÑÐ¼ Ð¾ÑÐ³Ð°Ð½Ð¸ÑÐµÑÐºÐ¸Ñ ÑÑÐ°Ð½Ð´Ð°ÑÑÐ¾Ð².,2004-04-15,2030-01-02,1.89:,Refunded
69,70,ÐÐ´ÑÐ³ÐµÐ¹ÑÐºÐ¸Ð¹ ÑÑÑ,4546,478,ÐÐ¾Ð»Ð¾ÑÐ½ÑÐµ Ð¿ÑÐ¾Ð´ÑÐºÑÑ,"ÐÑÐ»Ð¸ÑÐ°ÐµÑÑÑ Ð²ÑÑÐ¾ÐºÐ¸Ð¼ ÑÐ¾Ð´ÐµÑÐ¶Ð°Ð½Ð¸ÐµÐ¼ ÐºÐ°ÑÐµÑÐ¸Ð½Ð¾Ð², Ð¼Ð¾ÑÐ½ÑÑ Ð°Ð½ÑÐ¸Ð¾ÐºÑÐ¸Ð´Ð°Ð½ÑÐ¾Ð², Ð¿Ð¾Ð»ÐµÐ·Ð½ÑÑ Ð´Ð»Ñ ÑÐµÑÐ´ÑÐ° Ð¸ ÑÐ¾ÑÑÐ´Ð¾Ð².",2000-05-12,2026-03-05,3.44:,Awaiting Payment
70,71,ÐÐµÐ´ÑÐ¾ Ð´Ð»Ñ Ð¼ÑÑÑÑ Ð¿Ð¾Ð»Ð¾Ð²,3808,211,Ð¢Ð¾Ð²Ð°ÑÑ Ð´Ð»Ñ Ð´Ð¾Ð¼Ð°,"ÐÑÐ»Ð¸ÑÐ°ÐµÑÑÑ ÑÐ°Ð·Ð½Ð¾Ð¾Ð±ÑÐ°Ð·Ð¸ÐµÐ¼ Ð²ÐºÑÑÐ¾Ð² Ð¸ ÑÐµÐºÑÑÑÑ, ÑÑÐ¾ Ð¿Ð¾Ð·Ð²Ð¾Ð»ÑÐµÑ ÐºÐ°Ð¶Ð´Ð¾Ð¼Ñ Ð½Ð°Ð¹ÑÐ¸ ÑÐ²Ð¾Ð¹ Ð»ÑÐ±Ð¸Ð¼ÑÐ¹ Ð¿ÑÐ¾Ð´ÑÐºÑ.",2010-03-05,2012-01-05,3.79:,Pending
71,72,Ð¨ÐµÐ¹ÐºÐ°,9771,546,ÐÑÑÐ¾,"ÐÐ¾Ð¼Ð¾Ð³Ð°ÐµÑ Ð¿Ð¾Ð´Ð´ÐµÑÐ¶Ð¸Ð²Ð°ÑÑ Ð½Ð¾ÑÐ¼Ð°Ð»ÑÐ½ÑÐ¹ ÑÑÐ¾Ð²ÐµÐ½Ñ ÑÐ°Ð¿Ð¾Ð½Ð¸Ð½Ð¾Ð², Ð²ÐµÑÐµÑÑÐ², ÑÐ¿Ð¾ÑÐ¾Ð±ÑÑÐ²ÑÑÑÐ¸Ñ ÑÐ½Ð¸Ð¶ÐµÐ½Ð¸Ñ ÑÑÐ¾Ð²Ð½Ñ ÑÐ¾Ð»ÐµÑÑÐµÑÐ¸Ð½Ð°.",2017-01-02,2023-07-06,3.32:,Refunded
72,73,ÐÐ¾Ð¶ÐºÐ¸ ÑÑÐ¾Ð»Ð¾Ð²ÑÐµ,2487,412,Ð¢Ð¾Ð²Ð°ÑÑ Ð´Ð»Ñ Ð´Ð¾Ð¼Ð°,"ÐÑÐ»Ð¸ÑÐ°ÐµÑÑÑ Ð²ÑÑÐ¾ÐºÐ¸Ð¼ ÑÐ¾Ð´ÐµÑÐ¶Ð°Ð½Ð¸ÐµÐ¼ ÐºÐ°Ð¿ÑÐ°Ð¸ÑÐ¸Ð½Ð°, Ð²ÐµÑÐµÑÑÐ²Ð°, ÑÑÐºÐ¾ÑÑÑÑÐµÐ³Ð¾ Ð¼ÐµÑÐ°Ð±Ð¾Ð»Ð¸Ð·Ð¼ Ð¸ ÑÐ¼ÐµÐ½ÑÑÐ°ÑÑÐµÐ³Ð¾ Ð±Ð¾Ð»Ñ.",1998-02-07,2026-01-19,0.17:,New
73,74,Ð¡Ð°ÑÐ°Ñ,7801,674,ÐÐ°ÐºÐ°Ð»ÐµÑ,"ÐÑÐ»Ð¸ÑÐ°ÐµÑÑÑ Ð²ÑÑÐ¾ÐºÐ¸Ð¼ ÑÐ¾Ð´ÐµÑÐ¶Ð°Ð½Ð¸ÐµÐ¼ ÑÐ°ÑÑÐ¸Ð½Ð°, Ð½ÐµÐ¾Ð±ÑÐ¾Ð´Ð¸Ð¼Ð¾Ð³Ð¾ Ð´Ð»Ñ Ð·Ð´Ð¾ÑÐ¾Ð²ÑÑ Ð³Ð»Ð°Ð· Ð¸ ÑÐµÑÐ´ÑÐ°.",1998-05-09,2011-01-13,1.3:,Available for Pickup
74,75,Ð¡ÐµÐ»ÑÐ´ÐµÑÐµÐ¹,4809,266,ÐÐ²Ð¾ÑÐ¸,Ð¡Ð¿Ð¾ÑÐ¾Ð±ÑÑÐ²ÑÐµÑ Ð½Ð¾ÑÐ¼Ð°Ð»Ð¸Ð·Ð°ÑÐ¸Ð¸ Ð¾Ð±Ð¼ÐµÐ½Ð° Ð²ÐµÑÐµÑÑÐ² Ð² Ð¾ÑÐ³Ð°Ð½Ð¸Ð·Ð¼Ðµ.,2001-02-07,2015-01-10,4.84:,Sold
75,76,Ð¨Ð¿Ð¸Ð½Ð°Ñ,1487,22,ÐÐ²Ð¾ÑÐ¸,"ÐÑÐ»Ð¸ÑÐ°ÐµÑÑÑ Ð²ÑÑÐ¾ÐºÐ¸Ð¼ ÑÐ¾Ð´ÐµÑÐ¶Ð°Ð½Ð¸ÐµÐ¼ Ð°ÑÑÐ°ÐºÑÐ°Ð½ÑÐ¸Ð½Ð°, Ð¼Ð¾ÑÐ½Ð¾Ð³Ð¾ Ð°Ð½ÑÐ¸Ð¾ÐºÑÐ¸Ð´Ð°Ð½ÑÐ°, Ð¿Ð¾Ð»ÐµÐ·Ð½Ð¾Ð³Ð¾ Ð´Ð»Ñ ÐºÐ¾Ð¶Ð¸ Ð¸ ÑÑÑÑÐ°Ð²Ð¾Ð².",2022-01-14,2023-01-14,4.96:,Awaiting Payment
76,77,Ð¡ÑÐ½Ð´Ð²Ð¸ÑÐ¸ Ñ Ð²ÐµÑÑÐ¸Ð½Ð¾Ð¹,7408,505,ÐÑÑÐ¾,"ÐÐ¾Ð¼Ð¾Ð³Ð°ÐµÑ Ð¿Ð¾Ð´Ð´ÐµÑÐ¶Ð¸Ð²Ð°ÑÑ Ð½Ð¾ÑÐ¼Ð°Ð»ÑÐ½ÑÐ¹ ÑÑÐ¾Ð²ÐµÐ½Ñ Ð°Ð»Ð»Ð¸ÑÐ¸Ð½Ð°, Ð²ÐµÑÐµÑÑÐ²Ð°, Ð¾Ð±Ð»Ð°Ð´Ð°ÑÑÐµÐ³Ð¾ Ð°Ð½ÑÐ¸Ð±Ð°ÐºÑÐµÑÐ¸Ð°Ð»ÑÐ½ÑÐ¼Ð¸ Ð¸ Ð¿ÑÐ¾ÑÐ¸Ð²Ð¾Ð³ÑÐ¸Ð±ÐºÐ¾Ð²ÑÐ¼Ð¸ ÑÐ²Ð¾Ð¹ÑÑÐ²Ð°Ð¼Ð¸.",1993-05-03,2022-05-13,2.88:,Awaiting Review
77,78,ÐÐ°ÐºÐµÑÑ Ð´Ð»Ñ ÐºÐ¾Ð½ÑÐµÑÑÐ°,3599,611,Ð¢Ð¾Ð²Ð°ÑÑ Ð´Ð»Ñ Ð´Ð¾Ð¼Ð°,ÐÑÐ»Ð¸ÑÐ°ÐµÑÑÑ Ð²ÑÑÐ¾ÐºÐ¾Ð¹ Ð¿Ð¸ÑÐ°ÑÐµÐ»ÑÐ½Ð¾ÑÑÑÑ Ð¸ ÑÐ¿Ð¾ÑÐ¾Ð±ÐµÐ½ Ð±ÑÑÑÑÐ¾ ÑÑÐ¾Ð»Ð¸ÑÑ Ð³Ð¾Ð»Ð¾Ð´.,2014-04-09,2016-04-01,3.07:,Shipping
78,79,ÐÐ°Ð±Ð°Ð½ÑÑÐ¸Ð½Ð°,1281,829,ÐÑÑÐ¾,"ÐÑÐ»Ð¸ÑÐ°ÐµÑÑÑ Ð²ÑÑÐ¾ÐºÐ¸Ð¼ ÑÐ¾Ð´ÐµÑÐ¶Ð°Ð½Ð¸ÐµÐ¼ Ð°Ð½ÑÐ¸Ð¾ÐºÑÐ¸Ð´Ð°Ð½ÑÐ¾Ð², Ð·Ð°ÑÐ¸ÑÐ°ÑÑÐ¸Ñ ÐºÐ»ÐµÑÐºÐ¸ Ð¾Ñ Ð¾ÐºÐ¸ÑÐ»Ð¸ÑÐµÐ»ÑÐ½Ð¾Ð³Ð¾ ÑÑÑÐµÑÑÐ°.",2003-08-23,2013-03-11,2.04:,Available for Pickup
79,80,ÐÐ°Ð½ÑÑ,5368,371,ÐÑÑÐ¾,"ÐÑÐ»Ð¸ÑÐ°ÐµÑÑÑ Ð²ÑÑÐ¾ÐºÐ¸Ð¼ ÑÐ¾Ð´ÐµÑÐ¶Ð°Ð½Ð¸ÐµÐ¼ Ð¼Ð¸ÑÐ¸ÑÐµÑÐ¸Ð½Ð°, ÑÐ»Ð°Ð²Ð¾Ð½Ð¾Ð¸Ð´Ð°, Ð¾Ð±Ð»Ð°Ð´Ð°ÑÑÐµÐ³Ð¾ Ð°Ð½ÑÐ¸Ð¾ÐºÑÐ¸Ð´Ð°Ð½ÑÐ½ÑÐ¼Ð¸ Ð¸ Ð¿ÑÐ¾ÑÐ¸Ð²Ð¾Ð²Ð¾ÑÐ¿Ð°Ð»Ð¸ÑÐµÐ»ÑÐ½ÑÐ¼Ð¸ ÑÐ²Ð¾Ð¹ÑÑÐ²Ð°Ð¼Ð¸.",1993-01-05,2016-01-06,1.75:,Temporarily Unavailable
80,81,Ð¥Ð°Ð¼Ð¾Ð½,3494,925,ÐÑÑÐ¾,"ÐÑÐ»Ð¸ÑÐ°ÐµÑÑÑ Ð²ÑÑÐ¾ÐºÐ¸Ð¼ ÑÐ¾Ð´ÐµÑÐ¶Ð°Ð½Ð¸ÐµÐ¼ ÑÐµÑÐ²ÐµÑÐ°ÑÑÐ¾Ð»Ð°, Ð²ÐµÑÐµÑÑÐ²Ð°, Ð¾Ð±Ð»Ð°Ð´Ð°ÑÑÐµÐ³Ð¾ Ð°Ð½ÑÐ¸Ð²Ð¾Ð·ÑÐ°ÑÑÐ½ÑÐ¼Ð¸ ÑÐ²Ð¾Ð¹ÑÑÐ²Ð°Ð¼Ð¸.",2003-02-04,2027-05-08,1.22:,Backorder
81,82,Ð¡ÑÐ»Ð¸Ð½ÐºÐ°,4269,956,ÐÐ°Ð¿Ð¸ÑÐºÐ¸,"ÐÐ¾Ð¼Ð¾Ð³Ð°ÐµÑ Ð¿Ð¾Ð´Ð´ÐµÑÐ¶Ð¸Ð²Ð°ÑÑ Ð½Ð¾ÑÐ¼Ð°Ð»ÑÐ½ÑÐ¹ ÑÑÐ¾Ð²ÐµÐ½Ñ Ð°Ð¿Ð¸Ð³ÐµÐ½Ð¸Ð½Ð°, ÑÐ»Ð°Ð²Ð¾Ð½Ð¾Ð¸Ð´Ð°, Ð¿Ð¾Ð»ÐµÐ·Ð½Ð¾Ð³Ð¾ Ð´Ð»Ñ Ð·Ð´Ð¾ÑÐ¾Ð²ÑÑ Ð¼Ð¾Ð·Ð³Ð° Ð¸ Ð¸Ð¼Ð¼ÑÐ½Ð½Ð¾Ð¹ ÑÐ¸ÑÑÐµÐ¼Ñ.",1997-02-16,2029-06-02,2.72:,Returned
82,83,Ð¦Ð²ÐµÑÐ½Ð°Ñ ÐºÐ°Ð¿ÑÑÑÐ°,959,799,ÐÐ²Ð¾ÑÐ¸,"ÐÐ¾Ð¼Ð¾Ð³Ð°ÐµÑ Ð¿Ð¾Ð´Ð´ÐµÑÐ¶Ð¸Ð²Ð°ÑÑ Ð½Ð¾ÑÐ¼Ð°Ð»ÑÐ½ÑÐ¹ ÑÑÐ¾Ð²ÐµÐ½Ñ Ð³Ð°Ð¼Ð¼Ð°-Ð°Ð¼Ð¸Ð½Ð¾Ð¼Ð°ÑÐ»ÑÐ½Ð¾Ð¹ ÐºÐ¸ÑÐ»Ð¾ÑÑ (GABA), ÑÑÐ¿Ð¾ÐºÐ°Ð¸Ð²Ð°ÑÑÐµÐ³Ð¾ Ð½ÐµÐ¹ÑÐ¾Ð¼ÐµÐ´Ð¸Ð°ÑÐ¾ÑÐ°.",2010-01-01,2030-06-12,2.61:,New
83,84,ÐÐ¾ÑÐ¸ÑÐ° Ð¼Ð¾Ð»Ð¾ÑÐ°Ñ,6323,215,ÐÐ°ÐºÐ°Ð»ÐµÑ,"ÐÑÐ»Ð¸ÑÐ°ÐµÑÑÑ Ð²ÑÑÐ¾ÐºÐ¸Ð¼ ÑÐ¾Ð´ÐµÑÐ¶Ð°Ð½Ð¸ÐµÐ¼ Ð°Ð¿Ð¸Ð³ÐµÐ½Ð¸Ð½Ð°, ÑÐ»Ð°Ð²Ð¾Ð½Ð¾Ð¸Ð´Ð°, Ð¿Ð¾Ð»ÐµÐ·Ð½Ð¾Ð³Ð¾ Ð´Ð»Ñ Ð·Ð´Ð¾ÑÐ¾Ð²ÑÑ Ð¼Ð¾Ð·Ð³Ð° Ð¸ Ð¸Ð¼Ð¼ÑÐ½Ð½Ð¾Ð¹ ÑÐ¸ÑÑÐµÐ¼Ñ.",2014-01-03,2024-01-12,0.25:,Shipping
84,85,Ð Ð°ÑÑÐ¸ÑÐµÐ»ÑÐ½Ð¾Ðµ Ð¼Ð°ÑÐ»Ð¾ ÐºÑÐºÑÑÑÐ·Ð½Ð¾Ðµ,6779,229,ÐÐ°ÐºÐ°Ð»ÐµÑ,"ÐÑÐ»Ð¸ÑÐ°ÐµÑÑÑ Ð²ÑÑÐ¾ÐºÐ¸Ð¼ ÑÐ¾Ð´ÐµÑÐ¶Ð°Ð½Ð¸ÐµÐ¼ Ð¿ÑÐ¾Ð±Ð¸Ð¾ÑÐ¸ÐºÐ¾Ð², ÑÐ»ÑÑÑÐ°ÑÑÐ¸Ñ Ð¼Ð¸ÐºÑÐ¾ÑÐ»Ð¾ÑÑ ÐºÐ¸ÑÐµÑÐ½Ð¸ÐºÐ°.",2000-02-20,2010-01-12,3.01:,Delivered
85,86,ÐÑÐ°ÑÐ½Ð¾Ð³Ð¾ÑÑÐºÐ°Ñ,2176,398,ÐÐ°Ð¿Ð¸ÑÐºÐ¸,"ÐÐ¾Ð´ÑÐ¾Ð´Ð¸Ñ Ð´Ð»Ñ Ð²ÐµÐ³Ð°Ð½Ð¾Ð² Ð¸ Ð²ÐµÐ³ÐµÑÐ°ÑÐ¸Ð°Ð½ÑÐµÐ², ÐµÑÐ»Ð¸ Ð¿ÑÐ¾Ð¸Ð·Ð²ÐµÐ´ÐµÐ½ Ð±ÐµÐ· Ð¸ÑÐ¿Ð¾Ð»ÑÐ·Ð¾Ð²Ð°Ð½Ð¸Ñ Ð¶Ð¸Ð²Ð¾ÑÐ½ÑÑ ÐºÐ¾Ð¼Ð¿Ð¾Ð½ÐµÐ½ÑÐ¾Ð².",2008-02-01,2018-02-15,3.6:,Sold
86,87,ÐÐ°ÑÐ¾Ð»ÐµÐ½Ð½Ð¾Ðµ Ð¼ÑÑÐ¾,2519,606,ÐÑÑÐ¾,"ÐÑÐ»Ð¸ÑÐ°ÐµÑÑÑ Ð½Ð¸Ð·ÐºÐ¸Ð¼ ÑÐ¾Ð´ÐµÑÐ¶Ð°Ð½Ð¸ÐµÐ¼ Ð½Ð°ÑÑÐ¸Ñ, ÑÑÐ¾ Ð´ÐµÐ»Ð°ÐµÑ ÐµÐ³Ð¾ Ð±ÐµÐ·Ð¾Ð¿Ð°ÑÐ½ÑÐ¼ Ð´Ð»Ñ Ð³Ð¸Ð¿ÐµÑÑÐ¾Ð½Ð¸ÐºÐ¾Ð².",2016-05-03,2030-03-04,1.4:,In Stock
87,88,ÐÐ°ÑÐ° Ð¸Ð· Ð´ÑÐ¾Ð±Ð»ÐµÐ½Ð½Ð¾Ð¹ ÑÑÐ½ÐµÐ²Ð¾Ð¹ ÐºÑÑÐ¿Ñ,1514,895,ÐÐ°ÐºÐ°Ð»ÐµÑ,"ÐÑÐ»Ð¸ÑÐ°ÐµÑÑÑ Ð²ÑÑÐ¾ÐºÐ¸Ð¼ ÑÐ¾Ð´ÐµÑÐ¶Ð°Ð½Ð¸ÐµÐ¼ Ð¿ÑÐµÐ±Ð¸Ð¾ÑÐ¸ÐºÐ¾Ð², ÑÐ¿Ð¾ÑÐ¾Ð±ÑÑÐ²ÑÑÑÐ¸Ñ Ð·Ð´Ð¾ÑÐ¾Ð²ÑÑ ÐºÐ¸ÑÐµÑÐ½Ð¸ÐºÐ°.",2009-03-01,2026-02-08,2.43:,Awaiting Payment
88,89,Ð¢Ð¾Ð¼ÑÐºÐ°Ñ,1890,660,ÐÐ°Ð¿Ð¸ÑÐºÐ¸,ÐÐ¾Ð´ÑÐ¾Ð´Ð¸Ñ Ð´Ð»Ñ Ð¸ÑÐ¿Ð¾Ð»ÑÐ·Ð¾Ð²Ð°Ð½Ð¸Ñ Ð² ÑÐµÑÐµÐ¿ÑÐ°Ñ ÑÑÐ°Ð´Ð¸ÑÐ¸Ð¾Ð½Ð½Ð¾Ð¹ ÐºÑÑÐ½Ð¸ ÑÐ°Ð·Ð½ÑÑ ÑÑÑÐ°Ð½.,2004-01-27,2019-03-07,3.55:,New
89,90,Ð¨ÑÐ±Ð°Ñ,1099,533,ÐÐ¾Ð»Ð¾ÑÐ½ÑÐµ Ð¿ÑÐ¾Ð´ÑÐºÑÑ,ÐÐ¾Ð¼Ð¾Ð³Ð°ÐµÑ ÑÐºÑÐµÐ¿Ð¸ÑÑ Ð¸Ð¼Ð¼ÑÐ½Ð½ÑÑ ÑÐ¸ÑÑÐµÐ¼Ñ Ð¸ Ð·Ð°ÑÐ¸ÑÐ¸ÑÑ Ð¾ÑÐ³Ð°Ð½Ð¸Ð·Ð¼ Ð¾Ñ Ð¸Ð½ÑÐµÐºÑÐ¸Ð¹.,2014-01-03,2018-02-04,0.13:,New
90,91,ÐÐ¾Ð²ÑÐ¹ ÑÐ²ÐµÑ,8817,722,ÐÐ°Ð¿Ð¸ÑÐºÐ¸,ÐÑÐ»Ð¸ÑÐ°ÐµÑÑÑ Ð»ÐµÐ³ÐºÐ¾ÑÑÑÑ Ð² Ð¿ÐµÑÐµÐ²Ð°ÑÐ¸Ð²Ð°Ð½Ð¸Ð¸ Ð¸ ÑÑÐ²Ð¾ÐµÐ½Ð¸Ð¸ Ð¾ÑÐ³Ð°Ð½Ð¸Ð·Ð¼Ð¾Ð¼.,2000-04-13,2016-05-10,2.11:,Returned
91,92,ÐÐ¸ÐºÑÐµÑ,4173,486,Ð¢Ð¾Ð²Ð°ÑÑ Ð´Ð»Ñ Ð´Ð¾Ð¼Ð°,ÐÐ¾Ð´ÑÐ¾Ð´Ð¸Ñ Ð´Ð»Ñ Ð¸ÑÐ¿Ð¾Ð»ÑÐ·Ð¾Ð²Ð°Ð½Ð¸Ñ Ð² ÑÐ¿ÐµÑÐ¸Ð°Ð»Ð¸Ð·Ð¸ÑÐ¾Ð²Ð°Ð½Ð½ÑÑ Ð´Ð¸ÐµÑÐ°Ñ Ð¸ Ð»ÐµÑÐµÐ±Ð½ÑÑ Ð¿ÑÐ¾Ð³ÑÐ°Ð¼Ð¼Ð°Ñ.,1992-02-02,2028-06-17,1.8:,In Stock
92,93,Ð¥Ð¸Ð¼ÐºÐ¸Ð½ÑÐºÐ°Ñ,6122,768,ÐÐ°Ð¿Ð¸ÑÐºÐ¸,"ÐÑÐ»Ð¸ÑÐ°ÐµÑÑÑ Ð²ÑÑÐ¾ÐºÐ¸Ð¼ ÑÐ¾Ð´ÐµÑÐ¶Ð°Ð½Ð¸ÐµÐ¼ Ð½Ð°ÑÐ¸Ð½Ð³Ð¸Ð½Ð°, ÑÐ»Ð°Ð²Ð¾Ð½Ð¾Ð¸Ð´Ð°, Ð¿Ð¾Ð»ÐµÐ·Ð½Ð¾Ð³Ð¾ Ð´Ð»Ñ ÑÐ½Ð¸Ð¶ÐµÐ½Ð¸Ñ ÑÑÐ¾Ð²Ð½Ñ ÑÐ¾Ð»ÐµÑÑÐµÑÐ¸Ð½Ð° Ð¸ ÑÐ»ÑÑÑÐµÐ½Ð¸Ñ Ð¿Ð¸ÑÐµÐ²Ð°ÑÐµÐ½Ð¸Ñ.",1997-05-10,1998-05-08,4.73:,New
93,94,ÐÐ»ÐµÐ´Ñ,7655,957,Ð¢Ð¾Ð²Ð°ÑÑ Ð´Ð»Ñ Ð´Ð¾Ð¼Ð°,ÐÑÐ¾ÑÐµÐ» ÐºÐ»Ð¸Ð½Ð¸ÑÐµÑÐºÐ¸Ðµ Ð¸ÑÐ¿ÑÑÐ°Ð½Ð¸Ñ Ð¸ ÑÐµÐºÐ¾Ð¼ÐµÐ½Ð´Ð¾Ð²Ð°Ð½ ÑÐ¿ÐµÑÐ¸Ð°Ð»Ð¸ÑÑÐ°Ð¼Ð¸ Ð² Ð¾Ð±Ð»Ð°ÑÑÐ¸ Ð·Ð´ÑÐ°Ð²Ð¾Ð¾ÑÑÐ°Ð½ÐµÐ½Ð¸Ñ.,2013-02-19,2026-08-09,1.92:,In Stock
94,95,ÐÐ°ÐºÐµÑÑ Ð´Ð»Ñ ÐÑÐµÐ¼Ð¸ÑÐ½Ð¾Ð³Ð¾ Ð´Ð½Ñ Ð¼ÑÐ·ÑÐºÐ¸,9385,396,Ð¢Ð¾Ð²Ð°ÑÑ Ð´Ð»Ñ Ð´Ð¾Ð¼Ð°,Ð£Ð»ÑÑÑÐ°ÐµÑ Ð½Ð°ÑÑÑÐ¾ÐµÐ½Ð¸Ðµ Ð¸ Ð¾Ð±ÑÐµÐµ ÑÐ°Ð¼Ð¾ÑÑÐ²ÑÑÐ²Ð¸Ðµ Ð±Ð»Ð°Ð³Ð¾Ð´Ð°ÑÑ ÑÐ¾Ð´ÐµÑÐ¶Ð°Ð½Ð¸Ñ ÑÑÐ¸Ð¿ÑÐ¾ÑÐ°Ð½Ð°.,1997-01-20,1997-03-01,0.33:,Awaiting Review
95,96,ÐÑÐº-Ð¿Ð¾ÑÐµÐ¹,1261,520,ÐÐ²Ð¾ÑÐ¸,ÐÑÑÐ¾ÐºÐ¾Ðµ ÑÐ¾Ð´ÐµÑÐ¶Ð°Ð½Ð¸Ðµ Ð±ÐµÐ»ÐºÐ° Ð¾Ð±ÐµÑÐ¿ÐµÑÐ¸Ð²Ð°ÐµÑ Ð´Ð»Ð¸ÑÐµÐ»ÑÐ½Ð¾Ðµ ÑÑÐ²ÑÑÐ²Ð¾ ÑÑÑÐ¾ÑÑÐ¸ Ð¸ ÑÐ¿Ð¾ÑÐ¾Ð±ÑÑÐ²ÑÐµÑ Ð¿Ð¾Ð´Ð´ÐµÑÐ¶Ð°Ð½Ð¸Ñ Ð¼ÑÑÐµÑÐ½Ð¾Ð¹ Ð¼Ð°ÑÑÑ.,2010-06-07,2012-02-10,0.3:,Temporarily Unavailable
96,97,Ð£ÑÐ¸Ð½Ð°Ñ Ð¿ÐµÑÐµÐ½Ñ,5755,58,ÐÑÑÐ¾,"ÐÑÐ»Ð¸ÑÐ°ÐµÑÑÑ Ð²ÑÑÐ¾ÐºÐ¸Ð¼ ÑÐ¾Ð´ÐµÑÐ¶Ð°Ð½Ð¸ÐµÐ¼ Ð½Ð°ÑÐ¸Ð½Ð³Ð¸Ð½Ð°, ÑÐ»Ð°Ð²Ð¾Ð½Ð¾Ð¸Ð´Ð°, Ð¿Ð¾Ð»ÐµÐ·Ð½Ð¾Ð³Ð¾ Ð´Ð»Ñ ÑÐ½Ð¸Ð¶ÐµÐ½Ð¸Ñ ÑÑÐ¾Ð²Ð½Ñ ÑÐ¾Ð»ÐµÑÑÐµÑÐ¸Ð½Ð° Ð¸ ÑÐ»ÑÑÑÐµÐ½Ð¸Ñ Ð¿Ð¸ÑÐµÐ²Ð°ÑÐµÐ½Ð¸Ñ.",2019-06-08,2030-01-11,1.72:,Pending
97,98,ÐÐ°ÐºÐµÑÑ Ð´Ð»Ñ Ð¾ÑÐ¾ÑÑ,972,125,Ð¢Ð¾Ð²Ð°ÑÑ Ð´Ð»Ñ Ð´Ð¾Ð¼Ð°,ÐÑÐ»Ð¸ÑÐ°ÐµÑÑÑ Ð½Ð¸Ð·ÐºÐ¸Ð¼ ÑÐ¾Ð´ÐµÑÐ¶Ð°Ð½Ð¸ÐµÐ¼ Ð½Ð°ÑÑÑÐµÐ½Ð½ÑÑ Ð¶Ð¸ÑÐ¾Ð² Ð¸ ÑÐ¾Ð»ÐµÑÑÐµÑÐ¸Ð½Ð°.,1996-02-07,2007-05-03,1.3:,Out of Stock
98,99,Ð£Ð»ÑÑÐ½Ð¾Ð²ÑÐºÐ°Ñ,6778,502,ÐÐ°Ð¿Ð¸ÑÐºÐ¸,ÐÑÐ¸Ð´Ð°ÐµÑ Ð±Ð»ÑÐ´Ð°Ð¼ Ð¾ÑÐ¾Ð±ÑÑ Ð½ÐµÐ¶Ð½Ð¾ÑÑÑ Ð¸ Ð½Ð°ÑÑÑÐµÐ½Ð½Ð¾ÑÑÑ.,1997-09-02,2017-05-01,0.3:,Refunded
99,100,ÐÑÑÐ½Ð¾Ð²ÑÐ²Ð¾Ð´Ð¸ÑÐµÐ»Ñ,2715,10,Ð¢Ð¾Ð²Ð°ÑÑ Ð´Ð»Ñ Ð´Ð¾Ð¼Ð°,"ÐÑÐ»Ð¸ÑÐ°ÐµÑÑÑ Ð²ÑÑÐ¾ÐºÐ¸Ð¼ ÑÐ¾Ð´ÐµÑÐ¶Ð°Ð½Ð¸ÐµÐ¼ Ð¼ÐµÐ´Ð¸, Ð½ÐµÐ¾Ð±ÑÐ¾Ð´Ð¸Ð¼Ð¾Ð¹ Ð´Ð»Ñ ÑÐ¸Ð½ÑÐµÐ·Ð° ÐºÐ¾Ð»Ð»Ð°Ð³ÐµÐ½Ð° Ð¸ ÑÐ»Ð°ÑÑÐ¸Ð½Ð°.",2001-03-08,2025-07-02,3.71:,Awaiting Payment
100,101,ÐÐ°ÐºÐµÑÑ Ð´Ð»Ñ Ð²ÑÑÑÐ°Ð²ÐºÐ¸,3449,805,Ð¢Ð¾Ð²Ð°ÑÑ Ð´Ð»Ñ Ð´Ð¾Ð¼Ð°,"ÐÐ¾Ð¼Ð¾Ð³Ð°ÐµÑ Ð¿Ð¾Ð´Ð´ÐµÑÐ¶Ð¸Ð²Ð°ÑÑ Ð½Ð¾ÑÐ¼Ð°Ð»ÑÐ½ÑÐ¹ ÑÑÐ¾Ð²ÐµÐ½Ñ Ð¼ÐµÑÐ¸Ð¾Ð½Ð¸Ð½Ð°, Ð°Ð¼Ð¸Ð½Ð¾ÐºÐ¸ÑÐ»Ð¾ÑÑ, Ð½ÐµÐ¾Ð±ÑÐ¾Ð´Ð¸Ð¼Ð¾Ð¹ Ð´Ð»Ñ Ð´ÐµÑÐ¾ÐºÑÐ¸ÐºÐ°ÑÐ¸Ð¸ Ð¾ÑÐ³Ð°Ð½Ð¸Ð·Ð¼Ð°.",2003-04-11,2004-01-02,0.96:,Delivered
101,102,ÐÐ¾ÑÑÑÐµÑ,5460,138,ÐÑÑÐ¾,Ð¯Ð²Ð»ÑÐµÑÑÑ Ð²Ð°Ð¶Ð½ÑÐ¼ ÑÐ»ÐµÐ¼ÐµÐ½ÑÐ¾Ð¼ ÑÐ¿Ð¾ÑÑÐ¸Ð²Ð½Ð¾Ð³Ð¾ Ð¿Ð¸ÑÐ°Ð½Ð¸Ñ Ð´Ð»Ñ Ð²Ð¾ÑÑÑÐ°Ð½Ð¾Ð²Ð»ÐµÐ½Ð¸Ñ Ð¿Ð¾ÑÐ»Ðµ ÑÑÐµÐ½Ð¸ÑÐ¾Ð²Ð¾Ðº.,2002-01-02,2025-03-03,4.25:,Awaiting Payment
102,103,Ð ÑÐ·Ð°Ð½ÑÐºÐ°Ñ,8319,808,ÐÐ°Ð¿Ð¸ÑÐºÐ¸,"ÐÐ¾Ð³Ð°Ñ ÐºÐ°Ð»ÑÑÐ¸ÐµÐ¼, Ð½ÐµÐ¾Ð±ÑÐ¾Ð´Ð¸Ð¼ÑÐ¼ Ð´Ð»Ñ ÑÐºÑÐµÐ¿Ð»ÐµÐ½Ð¸Ñ ÐºÐ¾ÑÑÐµÐ¹ Ð¸ Ð·ÑÐ±Ð¾Ð².",2000-11-03,2009-01-02,0.11:,Returned
103,104,Ð¤Ð°ÑÑ Ð¸Ð½Ð´ÑÑÐ¸Ð½ÑÐ¹,2610,498,ÐÑÑÐ¾,"Ð¯Ð²Ð»ÑÐµÑÑÑ Ð¸ÑÑÐ¾ÑÐ½Ð¸ÐºÐ¾Ð¼ Ð²Ð°Ð¶Ð½ÑÑ Ð¼Ð¸ÐºÑÐ¾ÑÐ»ÐµÐ¼ÐµÐ½ÑÐ¾Ð², ÑÐ°ÐºÐ¸Ñ ÐºÐ°Ðº Ð¼Ð°Ð³Ð½Ð¸Ð¹ Ð¸ ÐºÐ°Ð»Ð¸Ð¹.",2009-01-07,2030-06-07,2.16:,Awaiting Payment
104,105,ÐÐ°ÐºÐ»Ð°Ð¶Ð°Ð½,8559,850,ÐÐ²Ð¾ÑÐ¸,ÐÐ¾Ð¼Ð¾Ð³Ð°ÐµÑ Ð¿Ð¾Ð´Ð´ÐµÑÐ¶Ð¸Ð²Ð°ÑÑ Ð½Ð¾ÑÐ¼Ð°Ð»ÑÐ½ÑÐ¹ ÑÑÐ¾Ð²ÐµÐ½Ñ pH Ð² Ð¾ÑÐ³Ð°Ð½Ð¸Ð·Ð¼Ðµ.,1994-05-07,2027-10-26,0.14:,Delivered
105,106,Ð¢ÑÑÐ½ÐµÐ¿Ñ,288,607,ÐÐ²Ð¾ÑÐ¸,ÐÑÐ¾ÑÐµÐ» ÑÑÑÐ¾Ð³Ð¸Ð¹ ÐºÐ¾Ð½ÑÑÐ¾Ð»Ñ ÐºÐ°ÑÐµÑÑÐ²Ð° Ð½Ð° Ð²ÑÐµÑ ÑÑÐ°Ð¿Ð°Ñ Ð¿ÑÐ¾Ð¸Ð·Ð²Ð¾Ð´ÑÑÐ²Ð°.,2016-03-07,2025-11-06,4.81:,Cancelled
106,107,Adrenaline Rush,8660,77,ÐÐ°Ð¿Ð¸ÑÐºÐ¸,ÐÐ¾Ð´ÑÐ¾Ð´Ð¸Ñ Ð´Ð»Ñ Ð¸ÑÐ¿Ð¾Ð»ÑÐ·Ð¾Ð²Ð°Ð½Ð¸Ñ Ð² Ð´Ð¸ÐµÑÐ¸ÑÐµÑÐºÐ¸Ñ Ð¿ÑÐ¾Ð³ÑÐ°Ð¼Ð¼Ð°Ñ Ð´Ð»Ñ Ð¿Ð¾ÑÑÐ´ÐµÐ½Ð¸Ñ.,2020-01-10,2025-05-12,1.19:,Out of Stock
107,108,ÐÐ¾ÑÐºÐ¾Ð²Ñ,4740,949,ÐÐ²Ð¾ÑÐ¸,ÐÑÐ¾ÑÐµÐ» Ð½ÐµÐ·Ð°Ð²Ð¸ÑÐ¸Ð¼ÑÐµ Ð»Ð°Ð±Ð¾ÑÐ°ÑÐ¾ÑÐ½ÑÐµ Ð¸ÑÑÐ»ÐµÐ´Ð¾Ð²Ð°Ð½Ð¸Ñ Ð¸ Ð¿Ð¾Ð»ÑÑÐ¸Ð» Ð¿Ð¾Ð»Ð¾Ð¶Ð¸ÑÐµÐ»ÑÐ½ÑÐµ Ð¾ÑÐ·ÑÐ²Ñ ÑÐºÑÐ¿ÐµÑÑÐ¾Ð².,1994-02-24,2004-07-01,2.98:,Returned
108,109,ÐÐ¾ÐºÐ¾Ñ,2942,67,Ð¤ÑÑÐºÑÑ,"ÐÑÐ»Ð¸ÑÐ°ÐµÑÑÑ Ð²ÑÑÐ¾ÐºÐ¸Ð¼ ÑÐ¾Ð´ÐµÑÐ¶Ð°Ð½Ð¸ÐµÐ¼ ÐºÐµÐ¼Ð¿ÑÐµÑÐ¾Ð»Ð°, ÑÐ»Ð°Ð²Ð¾Ð½Ð¾Ð¸Ð´Ð°, Ð¿Ð¾Ð»ÐµÐ·Ð½Ð¾Ð³Ð¾ Ð´Ð»Ñ Ð·Ð´Ð¾ÑÐ¾Ð²ÑÑ ÑÐµÑÐ´ÑÐ° Ð¸ ÑÐ¾ÑÑÐ´Ð¾Ð².",2015-03-06,2028-01-22,4.82:,Delivered
109,110,ÐÐ¾Ð»Ð»Ð°Ð½Ð´ÑÐºÐ¸Ð¹ ÑÑÑ,4893,187,ÐÐ¾Ð»Ð¾ÑÐ½ÑÐµ Ð¿ÑÐ¾Ð´ÑÐºÑÑ,ÐÐ¾Ð¼Ð¾Ð³Ð°ÐµÑ Ð¿Ð¾Ð´Ð´ÐµÑÐ¶Ð¸Ð²Ð°ÑÑ Ð½Ð¾ÑÐ¼Ð°Ð»ÑÐ½ÑÐ¹ ÑÑÐ¾Ð²ÐµÐ½Ñ Ð°ÑÑÐµÑÐ¸Ð°Ð»ÑÐ½Ð¾Ð³Ð¾ Ð´Ð°Ð²Ð»ÐµÐ½Ð¸Ñ.,1991-01-11,2020-10-02,0.82:,Temporarily Unavailable
110,111,ÐÐ¾ÑÐ¾Ð¶ÐµÐ½Ð¾Ðµ,2866,932,ÐÐ¾Ð»Ð¾ÑÐ½ÑÐµ Ð¿ÑÐ¾Ð´ÑÐºÑÑ,"ÐÑÐ»Ð¸ÑÐ°ÐµÑÑÑ ÑÑÑÐ¾Ð¹ÑÐ¸Ð²Ð¾ÑÑÑÑ Ðº ÑÐµÐ¼Ð¿ÐµÑÐ°ÑÑÑÐ½ÑÐ¼ Ð¸Ð·Ð¼ÐµÐ½ÐµÐ½Ð¸ÑÐ¼, ÑÑÐ¾ Ð¾Ð±Ð»ÐµÐ³ÑÐ°ÐµÑ ÑÑÐ°Ð½ÐµÐ½Ð¸Ðµ.",2015-04-03,2020-05-11,4.89:,Delivered
111,112,BonAqua,572,470,ÐÐ°Ð¿Ð¸ÑÐºÐ¸,ÐÑÐ¿Ð¾Ð»ÑÐ·ÑÐµÑÑÑ Ð² ÐºÐ¾ÑÐ¼ÐµÑÐ¾Ð»Ð¾Ð³Ð¸Ð¸ Ð´Ð»Ñ ÑÑÐ¾Ð´Ð° Ð·Ð° ÐºÐ¾Ð¶ÐµÐ¹ Ð¸ Ð²Ð¾Ð»Ð¾ÑÐ°Ð¼Ð¸.,1993-06-01,2020-02-17,0.97:,Delivered
112,113,ÐÐ°ÑÐ¸ÑÑÐ¾Ð½,307,81,ÐÐ²Ð¾ÑÐ¸,"ÐÐ¾Ð¼Ð¾Ð³Ð°ÐµÑ Ð¿Ð¾Ð´Ð´ÐµÑÐ¶Ð¸Ð²Ð°ÑÑ Ð½Ð¾ÑÐ¼Ð°Ð»ÑÐ½ÑÐ¹ ÑÑÐ¾Ð²ÐµÐ½Ñ Ð°Ð»Ð»Ð¸ÑÐ¸Ð½Ð°, Ð²ÐµÑÐµÑÑÐ²Ð°, Ð¾Ð±Ð»Ð°Ð´Ð°ÑÑÐµÐ³Ð¾ Ð°Ð½ÑÐ¸Ð±Ð°ÐºÑÐµÑÐ¸Ð°Ð»ÑÐ½ÑÐ¼Ð¸ Ð¸ Ð¿ÑÐ¾ÑÐ¸Ð²Ð¾Ð³ÑÐ¸Ð±ÐºÐ¾Ð²ÑÐ¼Ð¸ ÑÐ²Ð¾Ð¹ÑÑÐ²Ð°Ð¼Ð¸.",1997-03-06,2011-01-14,2.56:,Awaiting Review
113,114,Ð¡Ð¿Ð°ÑÐ¶Ð°,9492,473,ÐÐ²Ð¾ÑÐ¸,"ÐÐ¾Ð¼Ð¾Ð³Ð°ÐµÑ Ð¿Ð¾Ð´Ð´ÐµÑÐ¶Ð¸Ð²Ð°ÑÑ Ð½Ð¾ÑÐ¼Ð°Ð»ÑÐ½ÑÐ¹ ÑÑÐ¾Ð²ÐµÐ½Ñ Ð½Ð°ÑÐ¸Ð½Ð³Ð¸Ð½Ð°, ÑÐ»Ð°Ð²Ð¾Ð½Ð¾Ð¸Ð´Ð°, Ð¿Ð¾Ð»ÐµÐ·Ð½Ð¾Ð³Ð¾ Ð´Ð»Ñ ÑÐ½Ð¸Ð¶ÐµÐ½Ð¸Ñ ÑÑÐ¾Ð²Ð½Ñ ÑÐ¾Ð»ÐµÑÑÐµÑÐ¸Ð½Ð° Ð¸ ÑÐ»ÑÑÑÐµÐ½Ð¸Ñ Ð¿Ð¸ÑÐµÐ²Ð°ÑÐµÐ½Ð¸Ñ.",2012-01-01,2013-02-07,2.8:,Sold
114,115,ÐÐ°ÑÑÐ°,228,824,ÐÐ¾Ð»Ð¾ÑÐ½ÑÐµ Ð¿ÑÐ¾Ð´ÑÐºÑÑ,"ÐÑÐ»Ð¸ÑÐ°ÐµÑÑÑ Ð²ÑÑÐ¾ÐºÐ¸Ð¼ ÑÐ¾Ð´ÐµÑÐ¶Ð°Ð½Ð¸ÐµÐ¼ ÐºÐ¾ÑÐ½Ð·Ð¸Ð¼Ð° Q10, Ð½ÐµÐ¾Ð±ÑÐ¾Ð´Ð¸Ð¼Ð¾Ð³Ð¾ Ð´Ð»Ñ Ð²ÑÑÐ°Ð±Ð¾ÑÐºÐ¸ ÑÐ½ÐµÑÐ³Ð¸Ð¸ Ð² ÐºÐ»ÐµÑÐºÐ°Ñ.",2021-01-01,2029-03-03,1.57:,Out of Stock
115,116,Ð¡ÐµÑÐ²ÐµÐ»Ð°Ñ,2235,184,ÐÑÑÐ¾,"ÐÐ¾Ð¼Ð¾Ð³Ð°ÐµÑ Ð¿Ð¾Ð´Ð´ÐµÑÐ¶Ð¸Ð²Ð°ÑÑ Ð½Ð¾ÑÐ¼Ð°Ð»ÑÐ½ÑÐ¹ ÑÑÐ¾Ð²ÐµÐ½Ñ ÐºÐµÐ¼Ð¿ÑÐµÑÐ¾Ð»Ð°, ÑÐ»Ð°Ð²Ð¾Ð½Ð¾Ð¸Ð´Ð°, Ð¿Ð¾Ð»ÐµÐ·Ð½Ð¾Ð³Ð¾ Ð´Ð»Ñ Ð·Ð´Ð¾ÑÐ¾Ð²ÑÑ ÑÐµÑÐ´ÑÐ° Ð¸ ÑÐ¾ÑÑÐ´Ð¾Ð².",2000-05-21,2005-04-19,0.79:,In Stock
116,117,ÐÐ¹Ð²Ð°,7464,635,Ð¤ÑÑÐºÑÑ,"ÐÐ¾Ð¼Ð¾Ð³Ð°ÐµÑ Ð¿Ð¾Ð´Ð´ÐµÑÐ¶Ð¸Ð²Ð°ÑÑ Ð½Ð¾ÑÐ¼Ð°Ð»ÑÐ½ÑÐ¹ ÑÑÐ¾Ð²ÐµÐ½Ñ Ð´Ð¾ÑÐ°Ð¼Ð¸Ð½Ð°, Ð³Ð¾ÑÐ¼Ð¾Ð½Ð°, Ð¾ÑÐ²ÐµÑÐ°ÑÑÐµÐ³Ð¾ Ð·Ð° Ð¼Ð¾ÑÐ¸Ð²Ð°ÑÐ¸Ñ Ð¸ ÑÐ´Ð¾Ð²Ð¾Ð»ÑÑÑÐ²Ð¸Ðµ.",2001-01-10,2017-08-12,2.3:,Delivered
117,118,ÐÐ°ÐºÐµÑÑ Ð´Ð»Ñ Ð¸Ð³ÑÑÑÐµÐº,9430,628,Ð¢Ð¾Ð²Ð°ÑÑ Ð´Ð»Ñ Ð´Ð¾Ð¼Ð°,ÐÑÐ»Ð¸ÑÐ°ÐµÑÑÑ Ð²ÑÑÐ¾ÐºÐ¾Ð¹ ÑÑÑÐµÐºÑÐ¸Ð²Ð½Ð¾ÑÑÑÑ Ð² Ð±Ð¾ÑÑÐ±Ðµ Ñ Ð°Ð½ÐµÐ¼Ð¸ÐµÐ¹ Ð±Ð»Ð°Ð³Ð¾Ð´Ð°ÑÑ ÑÐ¾Ð´ÐµÑÐ¶Ð°Ð½Ð¸Ñ Ð¶ÐµÐ»ÐµÐ·Ð°.,1996-03-07,2023-01-07,0.94:,Shipping
118,119,ÐÐ¾ÑÐ¾ÑÐµÐº ÐºÐ¾Ð½ÑÐµÑÐ²Ð¸ÑÐ¾Ð²Ð°Ð½Ð½ÑÐ¹,2964,794,ÐÐ°ÐºÐ°Ð»ÐµÑ,ÐÐ¾Ð¼Ð¾Ð³Ð°ÐµÑ Ð¿Ð¾Ð´Ð´ÐµÑÐ¶Ð¸Ð²Ð°ÑÑ Ð½Ð¾ÑÐ¼Ð°Ð»ÑÐ½ÑÐ¹ ÑÑÐ¾Ð²ÐµÐ½Ñ ÑÑÑÑÐ¾Ð³ÐµÐ½Ð¾Ð² Ñ Ð¶ÐµÐ½ÑÐ¸Ð½.,2011-04-09,2019-09-10,3.55:,Sold
119,120,Ð¡Ð»Ð¸Ð²ÐºÐ¸,9679,672,ÐÐ¾Ð»Ð¾ÑÐ½ÑÐµ Ð¿ÑÐ¾Ð´ÑÐºÑÑ,Ð¯Ð²Ð»ÑÐµÑÑÑ Ð²Ð°Ð¶Ð½ÑÐ¼ ÑÐ»ÐµÐ¼ÐµÐ½ÑÐ¾Ð¼ ÑÐ¿Ð¾ÑÑÐ¸Ð²Ð½Ð¾Ð³Ð¾ Ð¿Ð¸ÑÐ°Ð½Ð¸Ñ Ð´Ð»Ñ Ð²Ð¾ÑÑÑÐ°Ð½Ð¾Ð²Ð»ÐµÐ½Ð¸Ñ Ð¿Ð¾ÑÐ»Ðµ ÑÑÐµÐ½Ð¸ÑÐ¾Ð²Ð¾Ðº.,2020-04-05,2028-03-01,4.07:,Refunded
120,121,Ð¡Ð¾Ðº ÑÐ±Ð»Ð¾ÑÐ½ÑÐ¹,1749,585,ÐÐ°Ð¿Ð¸ÑÐºÐ¸,Ð¡Ð¿Ð¾ÑÐ¾Ð±ÑÑÐ²ÑÐµÑ ÑÐ½Ð¸Ð¶ÐµÐ½Ð¸Ñ ÑÑÐ¾Ð²Ð½Ñ ÑÑÑÐµÑÑÐ° Ð¸ ÑÐ»ÑÑÑÐµÐ½Ð¸Ñ Ð½Ð°ÑÑÑÐ¾ÐµÐ½Ð¸Ñ.,2011-08-03,2024-01-13,2.59:,Returned
121,122,ÐÐ°ÑÐ»Ð¾ ÑÐ»Ð¸Ð²Ð¾ÑÐ½Ð¾Ðµ,2501,806,ÐÐ¾Ð»Ð¾ÑÐ½ÑÐµ Ð¿ÑÐ¾Ð´ÑÐºÑÑ,"ÐÐ¼ÐµÐµÑ Ð½Ð¸Ð·ÐºÐ¸Ð¹ Ð³Ð»Ð¸ÐºÐµÐ¼Ð¸ÑÐµÑÐºÐ¸Ð¹ Ð¸Ð½Ð´ÐµÐºÑ, ÑÑÐ¾ Ð´ÐµÐ»Ð°ÐµÑ ÐµÐ³Ð¾ Ð±ÐµÐ·Ð¾Ð¿Ð°ÑÐ½ÑÐ¼ Ð´Ð»Ñ Ð´Ð¸Ð°Ð±ÐµÑÐ¸ÐºÐ¾Ð².",2004-02-05,2021-04-04,4.87:,Shipping
122,123,Ð¨ÑÐ±Ð°Ñ,2857,265,ÐÐ¾Ð»Ð¾ÑÐ½ÑÐµ Ð¿ÑÐ¾Ð´ÑÐºÑÑ,"ÐÑÐ»Ð¸ÑÐ°ÐµÑÑÑ Ð²ÑÑÐ¾ÐºÐ¸Ð¼ ÑÐ¾Ð´ÐµÑÐ¶Ð°Ð½Ð¸ÐµÐ¼ Ð³ÐµÐ½Ð¸ÑÑÐµÐ¸Ð½Ð°, Ð¸Ð·Ð¾ÑÐ»Ð°Ð²Ð¾Ð½Ð°, Ð¿Ð¾Ð»ÐµÐ·Ð½Ð¾Ð³Ð¾ Ð´Ð»Ñ Ð·Ð´Ð¾ÑÐ¾Ð²ÑÑ ÐºÐ¾ÑÑÐµÐ¹ Ð¸ Ð¿ÑÐ¾ÑÐ¸Ð»Ð°ÐºÑÐ¸ÐºÐ¸ ÑÐ°ÐºÐ°.",1998-03-04,2012-01-01,2.53:,Pending
123,124,ÐÐ°ÐºÐµÑÑ Ð´Ð»Ñ ÐºÐµÐ¼Ð¿Ð¸Ð½Ð³Ð°,4363,340,Ð¢Ð¾Ð²Ð°ÑÑ Ð´Ð»Ñ Ð´Ð¾Ð¼Ð°,"ÐÑÐ»Ð¸ÑÐ°ÐµÑÑÑ Ð²ÑÑÐ¾ÐºÐ¸Ð¼ ÑÐ¾Ð´ÐµÑÐ¶Ð°Ð½Ð¸ÐµÐ¼ ÑÐµÐ»ÐµÐ½Ð°, Ð²Ð°Ð¶Ð½Ð¾Ð³Ð¾ Ð´Ð»Ñ Ð°Ð½ÑÐ¸Ð¾ÐºÑÐ¸Ð´Ð°Ð½ÑÐ½Ð¾Ð¹ Ð·Ð°ÑÐ¸ÑÑ Ð¾ÑÐ³Ð°Ð½Ð¸Ð·Ð¼Ð°.",1995-01-16,2023-05-06,1.58:,Backorder
124,125,ÐÑÑÐ´Ð¸Ð½ÐºÐ°,5455,187,ÐÑÑÐ¾,"ÐÐ¾Ð¼Ð¾Ð³Ð°ÐµÑ Ð¿Ð¾Ð´Ð´ÐµÑÐ¶Ð¸Ð²Ð°ÑÑ Ð½Ð¾ÑÐ¼Ð°Ð»ÑÐ½ÑÐ¹ ÑÑÐ¾Ð²ÐµÐ½Ñ Ð»ÐµÐ¿ÑÐ¸Ð½Ð°, Ð³Ð¾ÑÐ¼Ð¾Ð½Ð° Ð½Ð°ÑÑÑÐµÐ½Ð¸Ñ.",1995-06-02,2025-02-03,0.44:,New
125,126,ÐÐ°ÑÑÐµÑ,7271,923,ÐÑÑÐ¾,"ÐÐ¾Ð¼Ð¾Ð³Ð°ÐµÑ Ð¿Ð¾Ð´Ð´ÐµÑÐ¶Ð¸Ð²Ð°ÑÑ Ð½Ð¾ÑÐ¼Ð°Ð»ÑÐ½ÑÐ¹ ÑÑÐ¾Ð²ÐµÐ½Ñ ÐºÐ¾ÑÑÐ¸Ð·Ð¾Ð»Ð°, Ð³Ð¾ÑÐ¼Ð¾Ð½Ð° ÑÑÑÐµÑÑÐ°.",2010-01-17,2021-02-01,4.96:,Out of Stock
126,127,ÐÐ½Ð°Ð½Ð°Ñ,4300,16,Ð¤ÑÑÐºÑÑ,"ÐÐ¾Ð¼Ð¾Ð³Ð°ÐµÑ Ð¿Ð¾Ð´Ð´ÐµÑÐ¶Ð¸Ð²Ð°ÑÑ Ð½Ð¾ÑÐ¼Ð°Ð»ÑÐ½ÑÐ¹ ÑÑÐ¾Ð²ÐµÐ½Ñ Ð³Ð°Ð¼Ð¼Ð°-Ð°Ð¼Ð¸Ð½Ð¾Ð¼Ð°ÑÐ»ÑÐ½Ð¾Ð¹ ÐºÐ¸ÑÐ»Ð¾ÑÑ (GABA), ÑÑÐ¿Ð¾ÐºÐ°Ð¸Ð²Ð°ÑÑÐµÐ³Ð¾ Ð½ÐµÐ¹ÑÐ¾Ð¼ÐµÐ´Ð¸Ð°ÑÐ¾ÑÐ°.",2014-01-01,2020-06-07,0.13:,Awaiting Payment
127,128,ÐÐ¸ÑÐ¾Ð³Ð¸ Ñ Ð¼ÑÑÐ¾Ð¼,1025,423,ÐÑÑÐ¾,ÐÐ¾Ð¼Ð¾Ð³Ð°ÐµÑ Ð¿Ð¾Ð´Ð´ÐµÑÐ¶Ð¸Ð²Ð°ÑÑ Ð½Ð¾ÑÐ¼Ð°Ð»ÑÐ½Ð¾Ðµ ÑÑÐ½ÐºÑÐ¸Ð¾Ð½Ð¸ÑÐ¾Ð²Ð°Ð½Ð¸Ðµ Ð¿ÐµÑÐµÐ½Ð¸ Ð¸ Ð¶ÐµÐ»ÑÐ½Ð¾Ð³Ð¾ Ð¿ÑÐ·ÑÑÑ.,2018-01-05,2023-03-04,2.69:,Out of Stock
128,129,Ð§ÐµÑÐ½ÑÐ¹ Ð¿ÐµÑÐµÑ Ð³Ð¾ÑÐ¾ÑÐºÐ¾Ð¼,8965,653,ÐÐ°ÐºÐ°Ð»ÐµÑ,"ÐÑÐ»Ð¸ÑÐ°ÐµÑÑÑ Ð²ÑÑÐ¾ÐºÐ¸Ð¼ ÑÐ¾Ð´ÐµÑÐ¶Ð°Ð½Ð¸ÐµÐ¼ Ð¿ÑÐµÐ±Ð¸Ð¾ÑÐ¸ÐºÐ¾Ð², ÑÐ¿Ð¾ÑÐ¾Ð±ÑÑÐ²ÑÑÑÐ¸Ñ Ð·Ð´Ð¾ÑÐ¾Ð²ÑÑ ÐºÐ¸ÑÐµÑÐ½Ð¸ÐºÐ°.",2020-08-06,2028-01-04,3.39:,In Stock
129,130,ÐÐ¾ÑÐ´Ð¾Ð²ÑÐºÐ°Ñ,1935,463,ÐÐ°Ð¿Ð¸ÑÐºÐ¸,ÐÐ¾Ð´ÑÐ¾Ð´Ð¸Ñ Ð´Ð»Ñ Ð»ÑÐ´ÐµÐ¹ Ñ Ð½ÐµÐ¿ÐµÑÐµÐ½Ð¾ÑÐ¸Ð¼Ð¾ÑÑÑÑ Ð»Ð°ÐºÑÐ¾Ð·Ñ Ð±Ð»Ð°Ð³Ð¾Ð´Ð°ÑÑ ÑÐ¿ÐµÑÐ¸Ð°Ð»ÑÐ½Ð¾Ð¹ Ð¾Ð±ÑÐ°Ð±Ð¾ÑÐºÐµ.,2001-02-20,2006-03-03,0.36:,Sold
130,131,ÐÐ°Ð¿ÑÑÑÐ° Ð±ÐµÐ»Ð¾ÐºÐ¾ÑÐ°Ð½Ð½Ð°Ñ,1434,856,ÐÐ²Ð¾ÑÐ¸,"ÐÐ¾Ð´ÑÐ¾Ð´Ð¸Ñ Ð´Ð»Ñ Ð¿ÑÐ¸Ð³Ð¾ÑÐ¾Ð²Ð»ÐµÐ½Ð¸Ñ ÐºÐ°Ðº Ð³Ð¾ÑÑÑÐ¸Ñ, ÑÐ°Ðº Ð¸ ÑÐ¾Ð»Ð¾Ð´Ð½ÑÑ Ð±Ð»ÑÐ´.",2017-07-08,2021-02-02,4.95:,Shipping
131,132,ÐÐ¾Ð»Ð¾ÑÐµÐ½ÑÐ° Ð´Ð»Ñ ÑÑÐº,808,1000,Ð¢Ð¾Ð²Ð°ÑÑ Ð´Ð»Ñ Ð´Ð¾Ð¼Ð°,ÐÐ¾Ð¼Ð¾Ð³Ð°ÐµÑ Ð¿Ð¾Ð´Ð´ÐµÑÐ¶Ð¸Ð²Ð°ÑÑ Ð½Ð¾ÑÐ¼Ð°Ð»ÑÐ½Ð¾Ðµ ÑÑÐ½ÐºÑÐ¸Ð¾Ð½Ð¸ÑÐ¾Ð²Ð°Ð½Ð¸Ðµ Ð¿ÐµÑÐµÐ½Ð¸ Ð¸ Ð¶ÐµÐ»ÑÐ½Ð¾Ð³Ð¾ Ð¿ÑÐ·ÑÑÑ.,2019-07-01,2026-03-03,2.68:,Shipping
132,133,ÐÐ°ÐºÐµÑÑ Ð´Ð»Ñ Ð¼ÑÐ·ÐµÑ,2028,599,Ð¢Ð¾Ð²Ð°ÑÑ Ð´Ð»Ñ Ð´Ð¾Ð¼Ð°,ÐÑÐ»Ð¸ÑÐ°ÐµÑÑÑ Ð²ÑÑÐ¾ÐºÐ¾Ð¹ Ð¿Ð¸ÑÐ°ÑÐµÐ»ÑÐ½Ð¾Ð¹ ÑÐµÐ½Ð½Ð¾ÑÑÑÑ Ð¸ Ð¿Ð¾Ð¼Ð¾Ð³Ð°ÐµÑ Ð¿Ð¾Ð´Ð´ÐµÑÐ¶Ð¸Ð²Ð°ÑÑ Ð·Ð´Ð¾ÑÐ¾Ð²ÑÐ¹ Ð¾Ð±ÑÐ°Ð· Ð¶Ð¸Ð·Ð½Ð¸.,1993-07-06,1998-09-13,1.21:,Refunded
133,134,Ð ÑÐ¶ÐµÐ½ÐºÐ°,1873,615,ÐÐ¾Ð»Ð¾ÑÐ½ÑÐµ Ð¿ÑÐ¾Ð´ÑÐºÑÑ,"ÐÑÐ»Ð¸ÑÐ°ÐµÑÑÑ Ð²ÑÑÐ¾ÐºÐ¸Ð¼ ÑÐ¾Ð´ÐµÑÐ¶Ð°Ð½Ð¸ÐµÐ¼ ÐºÐ²ÐµÑÑÐµÑÐ¸Ð½Ð°, ÑÐ»Ð°Ð²Ð¾Ð½Ð¾Ð¸Ð´Ð°, Ð¾Ð±Ð»Ð°Ð´Ð°ÑÑÐµÐ³Ð¾ Ð°Ð½ÑÐ¸Ð¾ÐºÑÐ¸Ð´Ð°Ð½ÑÐ½ÑÐ¼Ð¸ Ð¸ Ð¿ÑÐ¾ÑÐ¸Ð²Ð¾Ð²Ð¾ÑÐ¿Ð°Ð»Ð¸ÑÐµÐ»ÑÐ½ÑÐ¼Ð¸ ÑÐ²Ð¾Ð¹ÑÑÐ²Ð°Ð¼Ð¸.",2022-01-14,2027-04-05,0.18:,Delivered
134,135,ÐÐ°ÑÐ¼ÐµÐ·Ð°Ð½,8360,206,ÐÐ¾Ð»Ð¾ÑÐ½ÑÐµ Ð¿ÑÐ¾Ð´ÑÐºÑÑ,ÐÑÐ»Ð¸ÑÐ°ÐµÑÑÑ ÑÐ¿Ð¾ÑÐ¾Ð±Ð½Ð¾ÑÑÑÑ Ð¿Ð¾Ð²ÑÑÐ°ÑÑ Ð¾Ð±ÑÐ¸Ð¹ ÑÐ¾Ð½ÑÑ Ð¸ ÑÐ°Ð±Ð¾ÑÐ¾ÑÐ¿Ð¾ÑÐ¾Ð±Ð½Ð¾ÑÑÑ.,2007-05-08,2011-01-16,4.16:,In Stock
135,136,ÐÐ¸Ð¶Ð½ÐµÑÐµÑÐ³Ð¸ÐµÐ²ÑÐºÐ°Ñ,4902,377,ÐÐ°Ð¿Ð¸ÑÐºÐ¸,"ÐÐ¾Ð¼Ð¾Ð³Ð°ÐµÑ Ð¿Ð¾Ð´Ð´ÐµÑÐ¶Ð¸Ð²Ð°ÑÑ Ð½Ð¾ÑÐ¼Ð°Ð»ÑÐ½ÑÐ¹ ÑÑÐ¾Ð²ÐµÐ½Ñ Ð³Ð»ÑÑÐ°ÑÐ¸Ð¾Ð½Ð°, Ð³Ð»Ð°Ð²Ð½Ð¾Ð³Ð¾ Ð°Ð½ÑÐ¸Ð¾ÐºÑÐ¸Ð´Ð°Ð½ÑÐ° Ð¾ÑÐ³Ð°Ð½Ð¸Ð·Ð¼Ð°.",1994-07-02,2013-02-25,3.02:,Available for Pickup
136,137,Ð¤ÐµÑÐ°,993,595,ÐÐ¾Ð»Ð¾ÑÐ½ÑÐµ Ð¿ÑÐ¾Ð´ÑÐºÑÑ,"ÐÑÐ»Ð¸ÑÐ°ÐµÑÑÑ Ð²ÑÑÐ¾ÐºÐ¸Ð¼ ÑÐ¾Ð´ÐµÑÐ¶Ð°Ð½Ð¸ÐµÐ¼ Ð¸Ð½Ð¾Ð·Ð¸ÑÐ¾Ð»Ð°, Ð½ÐµÐ¾Ð±ÑÐ¾Ð´Ð¸Ð¼Ð¾Ð³Ð¾ Ð´Ð»Ñ Ð·Ð´Ð¾ÑÐ¾Ð²ÑÑ Ð½ÐµÑÐ²Ð½Ð¾Ð¹ ÑÐ¸ÑÑÐµÐ¼Ñ.",1995-07-02,2022-05-06,1.92:,New
137,138,ÐÑÐ±Ð¸Ð²Ð½Ð°Ñ,6138,506,ÐÑÑÐ¾,ÐÐ¾Ð¼Ð¾Ð³Ð°ÐµÑ ÑÐºÑÐµÐ¿Ð»ÑÑÑ ÑÑÐµÐ½ÐºÐ¸ ÑÐ¾ÑÑÐ´Ð¾Ð² Ð¸ ÑÐ»ÑÑÑÐ°ÑÑ ÐºÑÐ¾Ð²Ð¾Ð¾Ð±ÑÐ°ÑÐµÐ½Ð¸Ðµ.,2004-04-08,2017-01-11,0.07:,Available for Pickup
138,139,Ð­ÑÐºÐ°Ð»Ð¾Ð¿,7146,467,ÐÑÑÐ¾,"ÐÑÐ»Ð¸ÑÐ°ÐµÑÑÑ Ð½Ð¸Ð·ÐºÐ¸Ð¼ ÑÐ¾Ð´ÐµÑÐ¶Ð°Ð½Ð¸ÐµÐ¼ Ð¶Ð¸ÑÐ°, ÑÑÐ¾ Ð´ÐµÐ»Ð°ÐµÑ ÐµÐ³Ð¾ Ð¿Ð¾Ð´ÑÐ¾Ð´ÑÑÐ¸Ð¼ Ð´Ð»Ñ ÑÐµÑ, ÐºÑÐ¾ ÑÐ»ÐµÐ´Ð¸Ñ Ð·Ð° ÑÐ¸Ð³ÑÑÐ¾Ð¹.",2003-03-09,2025-02-14,1.66:,Awaiting Review
139,140,ÐÐ²Ð¾Ð·Ð´Ð¸ÐºÐ° Ð¼Ð¾Ð»Ð¾ÑÐ°Ñ,1902,376,ÐÐ°ÐºÐ°Ð»ÐµÑ,"ÐÑÐ»Ð¸ÑÐ°ÐµÑÑÑ Ð²ÑÑÐ¾ÐºÐ¸Ð¼ ÑÐ¾Ð´ÐµÑÐ¶Ð°Ð½Ð¸ÐµÐ¼ Ð°Ð½ÑÐ¾ÑÐ¸Ð°Ð½Ð¾Ð², Ð¿Ð¸Ð³Ð¼ÐµÐ½ÑÐ¾Ð², Ð¾Ð±Ð»Ð°Ð´Ð°ÑÑÐ¸Ñ Ð°Ð½ÑÐ¸Ð¾ÐºÑÐ¸Ð´Ð°Ð½ÑÐ½ÑÐ¼Ð¸ Ð¸ Ð¿ÑÐ¾ÑÐ¸Ð²Ð¾Ð²Ð¾ÑÐ¿Ð°Ð»Ð¸ÑÐµÐ»ÑÐ½ÑÐ¼Ð¸ ÑÐ²Ð¾Ð¹ÑÑÐ²Ð°Ð¼Ð¸.",2003-02-05,2009-01-25,1.49:,Refunded
140,141,ÐÐ¾Ð·Ð»ÑÑÐ¸Ð½Ð°,6826,641,ÐÑÑÐ¾,"ÐÑÐ»Ð¸ÑÐ°ÐµÑÑÑ Ð²ÑÑÐ¾ÐºÐ¸Ð¼ ÑÐ¾Ð´ÐµÑÐ¶Ð°Ð½Ð¸ÐµÐ¼ Ð»Ð¸ÐºÐ¾Ð¿Ð¸Ð½Ð°, ÐºÐ°ÑÐ¾ÑÐ¸Ð½Ð¾Ð¸Ð´Ð°, Ð¿Ð¾Ð»ÐµÐ·Ð½Ð¾Ð³Ð¾ Ð´Ð»Ñ Ð·Ð´Ð¾ÑÐ¾Ð²ÑÑ Ð¿ÑÐ¾ÑÑÐ°ÑÑ Ð¸ ÐºÐ¾Ð¶Ð¸.",1991-04-12,2029-02-01,3.66:,Cancelled
141,142,Ð¡Ð²ÐµÐºÐ»Ð°,5153,878,ÐÐ²Ð¾ÑÐ¸,"ÐÑÐ»Ð¸ÑÐ°ÐµÑÑÑ Ð²ÑÑÐ¾ÐºÐ¸Ð¼ ÑÐ¾Ð´ÐµÑÐ¶Ð°Ð½Ð¸ÐµÐ¼ ÐºÐ²ÐµÑÑÐµÑÐ¸Ð½Ð°, ÑÐ»Ð°Ð²Ð¾Ð½Ð¾Ð¸Ð´Ð°, Ð¾Ð±Ð»Ð°Ð´Ð°ÑÑÐµÐ³Ð¾ Ð°Ð½ÑÐ¸Ð¾ÐºÑÐ¸Ð´Ð°Ð½ÑÐ½ÑÐ¼Ð¸ Ð¸ Ð¿ÑÐ¾ÑÐ¸Ð²Ð¾Ð²Ð¾ÑÐ¿Ð°Ð»Ð¸ÑÐµÐ»ÑÐ½ÑÐ¼Ð¸ ÑÐ²Ð¾Ð¹ÑÑÐ²Ð°Ð¼Ð¸.",2016-03-16,2025-04-08,4.77:,Temporarily Unavailable
142,143,ÐÐµÐ³ÐºÐ¾Ðµ,1933,537,ÐÑÑÐ¾,"ÐÑÐ»Ð¸ÑÐ°ÐµÑÑÑ Ð½Ð¸Ð·ÐºÐ¸Ð¼ ÑÐ¾Ð´ÐµÑÐ¶Ð°Ð½Ð¸ÐµÐ¼ Ð»Ð°ÐºÑÐ¾Ð·Ñ, ÑÑÐ¾ Ð´ÐµÐ»Ð°ÐµÑ ÐµÐ³Ð¾ Ð´Ð¾ÑÑÑÐ¿Ð½ÑÐ¼ Ð´Ð»Ñ Ð»ÑÐ´ÐµÐ¹ Ñ ÐµÐµ Ð½ÐµÐ¿ÐµÑÐµÐ½Ð¾ÑÐ¸Ð¼Ð¾ÑÑÑÑ.",2014-02-03,2028-01-02,0.48:,New
143,144,ÐÐ°ÐºÐµÑÑ Ð´Ð»Ñ ÑÐ°ÑÑÐµÐ½Ð¸Ð¹,2381,159,Ð¢Ð¾Ð²Ð°ÑÑ Ð´Ð»Ñ Ð´Ð¾Ð¼Ð°,"ÐÑÐ»Ð¸ÑÐ°ÐµÑÑÑ Ð²ÑÑÐ¾ÐºÐ¸Ð¼ ÑÐ¾Ð´ÐµÑÐ¶Ð°Ð½Ð¸ÐµÐ¼ ÐºÐ°ÑÐµÑÐ¸Ð½Ð¾Ð², Ð¼Ð¾ÑÐ½ÑÑ Ð°Ð½ÑÐ¸Ð¾ÐºÑÐ¸Ð´Ð°Ð½ÑÐ¾Ð², Ð¿Ð¾Ð»ÐµÐ·Ð½ÑÑ Ð´Ð»Ñ ÑÐµÑÐ´ÑÐ° Ð¸ ÑÐ¾ÑÑÐ´Ð¾Ð².",1999-03-15,2016-03-07,2.89:,Shipping
144,145,Ð¥Ð¸Ð½ÐºÐ°Ð»Ð¸,9694,53,ÐÑÑÐ¾,"ÐÐ¾Ð¼Ð¾Ð³Ð°ÐµÑ Ð¿Ð¾Ð´Ð´ÐµÑÐ¶Ð¸Ð²Ð°ÑÑ Ð½Ð¾ÑÐ¼Ð°Ð»ÑÐ½ÑÐ¹ ÑÑÐ¾Ð²ÐµÐ½Ñ ÑÐ¸ÑÑÐµÐ¸Ð½Ð°, Ð°Ð¼Ð¸Ð½Ð¾ÐºÐ¸ÑÐ»Ð¾ÑÑ, ÑÑÐ°ÑÑÐ²ÑÑÑÐµÐ¹ Ð² ÑÐ¸Ð½ÑÐµÐ·Ðµ Ð³Ð»ÑÑÐ°ÑÐ¸Ð¾Ð½Ð°.",2019-01-06,2024-07-19,4.45:,Shipping
145,146,Ð¡Ð»Ð°Ð²ÑÐ½Ð¾Ð²ÑÐºÐ°Ñ,2196,530,ÐÐ°Ð¿Ð¸ÑÐºÐ¸,ÐÑÐ»Ð¸ÑÐ°ÐµÑÑÑ Ð²ÑÑÐ¾ÐºÐ¾Ð¹ ÑÑÐ²Ð¾ÑÐµÐ¼Ð¾ÑÑÑÑ Ð¸ Ð½Ðµ Ð²ÑÐ·ÑÐ²Ð°ÐµÑ Ð´Ð¸ÑÐºÐ¾Ð¼ÑÐ¾ÑÑÐ° Ð² Ð¶ÐµÐ»ÑÐ´ÐºÐµ.,2009-01-12,2020-09-20,3.57:,Sold
146,147,Ð­Ð»ÐµÐºÑÑÐ¾ÑÐ°Ð¹Ð½Ð¸Ðº,832,527,Ð¢Ð¾Ð²Ð°ÑÑ Ð´Ð»Ñ Ð´Ð¾Ð¼Ð°,"ÐÐ¾Ð´ÑÐ¾Ð´Ð¸Ñ Ð´Ð»Ñ Ð¿ÑÐ¸Ð³Ð¾ÑÐ¾Ð²Ð»ÐµÐ½Ð¸Ñ ÐºÐ°Ðº Ð³Ð¾ÑÑÑÐ¸Ñ, ÑÐ°Ðº Ð¸ ÑÐ¾Ð»Ð¾Ð´Ð½ÑÑ Ð±Ð»ÑÐ´.",2017-01-05,2017-11-04,1.69:,Awaiting Payment
147,148,Ð¢Ð°ÑÑÐ°Ñ,5477,723,ÐÑÑÐ¾,"ÐÑÐ»Ð¸ÑÐ°ÐµÑÑÑ Ð²ÑÑÐ¾ÐºÐ¸Ð¼ ÑÐ¾Ð´ÐµÑÐ¶Ð°Ð½Ð¸ÐµÐ¼ Ð²Ð¸ÑÐ°Ð¼Ð¸Ð½Ð° E, Ð½ÐµÐ¾Ð±ÑÐ¾Ð´Ð¸Ð¼Ð¾Ð³Ð¾ Ð´Ð»Ñ Ð·Ð°ÑÐ¸ÑÑ ÐºÐ»ÐµÑÐ¾ÑÐ½ÑÑ Ð¼ÐµÐ¼Ð±ÑÐ°Ð½.",2007-07-08,2013-01-03,4.52:,Backorder
148,149,Ð¤Ð°ÑÑ ÐºÑÑÐ¸Ð½ÑÐ¹,9396,518,ÐÑÑÐ¾,ÐÐ¾Ð¼Ð¾Ð³Ð°ÐµÑ Ð¿Ð¾Ð´Ð´ÐµÑÐ¶Ð¸Ð²Ð°ÑÑ Ð½Ð¾ÑÐ¼Ð°Ð»ÑÐ½ÑÐ¹ ÑÑÐ¾Ð²ÐµÐ½Ñ Ð³Ð»ÑÐºÐ¾Ð·Ñ Ð² ÐºÑÐ¾Ð²Ð¸.,2005-01-02,2006-04-05,2.44:,Pending
149,150,Ð¨Ð°Ð´ÑÐ¸Ð½ÑÐºÐ°Ñ,739,527,ÐÐ°Ð¿Ð¸ÑÐºÐ¸,"ÐÐ¾Ð¼Ð¾Ð³Ð°ÐµÑ Ð¿Ð¾Ð´Ð´ÐµÑÐ¶Ð¸Ð²Ð°ÑÑ Ð½Ð¾ÑÐ¼Ð°Ð»ÑÐ½ÑÐ¹ ÑÑÐ¾Ð²ÐµÐ½Ñ Ð°Ð»Ð»Ð¸ÑÐ¸Ð½Ð°, Ð²ÐµÑÐµÑÑÐ²Ð°, Ð¾Ð±Ð»Ð°Ð´Ð°ÑÑÐµÐ³Ð¾ Ð°Ð½ÑÐ¸Ð±Ð°ÐºÑÐµÑÐ¸Ð°Ð»ÑÐ½ÑÐ¼Ð¸ Ð¸ Ð¿ÑÐ¾ÑÐ¸Ð²Ð¾Ð³ÑÐ¸Ð±ÐºÐ¾Ð²ÑÐ¼Ð¸ ÑÐ²Ð¾Ð¹ÑÑÐ²Ð°Ð¼Ð¸.",2015-02-17,2030-01-04,4.23:,Backorder
150,151,ÐÐ°ÑÑÐ¾ÑÐµÐ»Ñ,3704,463,ÐÐ²Ð¾ÑÐ¸,ÐÐ¾Ð¼Ð¾Ð³Ð°ÐµÑ ÑÐ»ÑÑÑÐ¸ÑÑ ÐºÐ¾Ð³Ð½Ð¸ÑÐ¸Ð²Ð½ÑÐµ ÑÑÐ½ÐºÑÐ¸Ð¸ Ð¸ Ð¿Ð°Ð¼ÑÑÑ.,1992-07-07,2024-11-10,3.68:,Returned
151,152,Ð¨ÐµÐ»ÐºÐ¾Ð²Ð¸ÑÐ°,3394,632,Ð¤ÑÑÐºÑÑ,"ÐÑÐ»Ð¸ÑÐ°ÐµÑÑÑ Ð²ÑÑÐ¾ÐºÐ¸Ð¼ ÑÐ¾Ð´ÐµÑÐ¶Ð°Ð½Ð¸ÐµÐ¼ Ð½Ð¸Ð°ÑÐ¸Ð½Ð°, Ð½ÐµÐ¾Ð±ÑÐ¾Ð´Ð¸Ð¼Ð¾Ð³Ð¾ Ð´Ð»Ñ Ð·Ð´Ð¾ÑÐ¾Ð²ÑÑ ÐºÐ¾Ð¶Ð¸ Ð¸ Ð¿Ð¸ÑÐµÐ²Ð°ÑÐµÐ½Ð¸Ñ.",1996-05-06,2016-03-04,4.41:,Returned
152,153,ÐÐµÑÐ±Ð»ÑÐ¶ÑÐµ Ð¼Ð¾Ð»Ð¾ÐºÐ¾,1337,251,ÐÐ¾Ð»Ð¾ÑÐ½ÑÐµ Ð¿ÑÐ¾Ð´ÑÐºÑÑ,ÐÑÐ»Ð¸ÑÐ°ÐµÑÑÑ Ð½Ð¸Ð·ÐºÐ¸Ð¼ ÑÐ¾Ð´ÐµÑÐ¶Ð°Ð½Ð¸ÐµÐ¼ Ð½Ð°ÑÑÑÐµÐ½Ð½ÑÑ Ð¶Ð¸ÑÐ¾Ð² Ð¸ ÑÐ¾Ð»ÐµÑÑÐµÑÐ¸Ð½Ð°.,2010-01-04,2024-03-07,3.54:,Shipping
153,154,ÐÐ¾Ð»Ð±Ð°,4006,109,ÐÐ°ÐºÐ°Ð»ÐµÑ,"ÐÑÐ»Ð¸ÑÐ°ÐµÑÑÑ Ð²ÑÑÐ¾ÐºÐ¸Ð¼ ÑÐ¾Ð´ÐµÑÐ¶Ð°Ð½Ð¸ÐµÐ¼ DMAE, Ð²ÐµÑÐµÑÑÐ²Ð°, ÑÐ»ÑÑÑÐ°ÑÑÐµÐ³Ð¾ ÑÐ¼ÑÑÐ²ÐµÐ½Ð½ÑÑ Ð´ÐµÑÑÐµÐ»ÑÐ½Ð¾ÑÑÑ Ð¸ Ð½Ð°ÑÑÑÐ¾ÐµÐ½Ð¸Ðµ.",2021-06-11,2028-01-11,3.67:,In Stock
154,155,ÐÑÐ°Ð½Ð°Ñ,5363,934,Ð¤ÑÑÐºÑÑ,"ÐÐ¾Ð´ÑÐ¾Ð´Ð¸Ñ Ð´Ð»Ñ Ð²ÐµÐ³Ð°Ð½Ð¾Ð² Ð¸ Ð²ÐµÐ³ÐµÑÐ°ÑÐ¸Ð°Ð½ÑÐµÐ², ÐµÑÐ»Ð¸ Ð¿ÑÐ¾Ð¸Ð·Ð²ÐµÐ´ÐµÐ½ Ð±ÐµÐ· Ð¸ÑÐ¿Ð¾Ð»ÑÐ·Ð¾Ð²Ð°Ð½Ð¸Ñ Ð¶Ð¸Ð²Ð¾ÑÐ½ÑÑ ÐºÐ¾Ð¼Ð¿Ð¾Ð½ÐµÐ½ÑÐ¾Ð².",2019-04-01,2020-10-11,2.31:,Pending
155,156,Ð¡Ð¼ÐµÑÐ°Ð½Ð°,5706,227,ÐÐ¾Ð»Ð¾ÑÐ½ÑÐµ Ð¿ÑÐ¾Ð´ÑÐºÑÑ,"Ð¯Ð²Ð»ÑÐµÑÑÑ Ð¸ÑÑÐ¾ÑÐ½Ð¸ÐºÐ¾Ð¼ Ð²Ð°Ð¶Ð½ÑÑ Ð¼Ð¸ÐºÑÐ¾ÑÐ»ÐµÐ¼ÐµÐ½ÑÐ¾Ð², ÑÐ°ÐºÐ¸Ñ ÐºÐ°Ðº Ð¼Ð°Ð³Ð½Ð¸Ð¹ Ð¸ ÐºÐ°Ð»Ð¸Ð¹.",2013-06-01,2025-07-09,0.92:,Refunded
156,157,ÐÐ°ÐºÐµÑÑ Ð´Ð»Ñ ÐÑÐµÐ¼Ð¸ÑÐ½Ð¾Ð³Ð¾ Ð´Ð½Ñ Ð·Ð´Ð¾ÑÐ¾Ð²ÑÑ,2655,607,Ð¢Ð¾Ð²Ð°ÑÑ Ð´Ð»Ñ Ð´Ð¾Ð¼Ð°,"ÐÐ¾Ð¼Ð¾Ð³Ð°ÐµÑ Ð¿Ð¾Ð´Ð´ÐµÑÐ¶Ð¸Ð²Ð°ÑÑ Ð½Ð¾ÑÐ¼Ð°Ð»ÑÐ½ÑÐ¹ ÑÑÐ¾Ð²ÐµÐ½Ñ ÐºÐ²ÐµÑÑÐµÑÐ¸Ð½Ð°, ÑÐ»Ð°Ð²Ð¾Ð½Ð¾Ð¸Ð´Ð°, Ð¾Ð±Ð»Ð°Ð´Ð°ÑÑÐµÐ³Ð¾ Ð°Ð½ÑÐ¸Ð¾ÐºÑÐ¸Ð´Ð°Ð½ÑÐ½ÑÐ¼Ð¸ Ð¸ Ð¿ÑÐ¾ÑÐ¸Ð²Ð¾Ð²Ð¾ÑÐ¿Ð°Ð»Ð¸ÑÐµÐ»ÑÐ½ÑÐ¼Ð¸ ÑÐ²Ð¾Ð¹ÑÑÐ²Ð°Ð¼Ð¸.",1994-01-28,2023-03-05,3.47:,Available for Pickup
157,158,Ð ÑÐ¶ÐµÐ½ÐºÐ°,7038,756,ÐÐ¾Ð»Ð¾ÑÐ½ÑÐµ Ð¿ÑÐ¾Ð´ÑÐºÑÑ,Ð ÐµÐºÐ¾Ð¼ÐµÐ½Ð´ÑÐµÑÑÑ Ð´Ð»Ñ Ð²ÐºÐ»ÑÑÐµÐ½Ð¸Ñ Ð² ÑÐ°ÑÐ¸Ð¾Ð½ Ð±ÐµÑÐµÐ¼ÐµÐ½Ð½ÑÑ Ð¶ÐµÐ½ÑÐ¸Ð½ Ð¸ ÐºÐ¾ÑÐ¼ÑÑÐ¸Ñ Ð¼Ð°ÑÐµÑÐµÐ¹.,2001-01-09,2023-07-08,1.06:,Refunded
158,159,Ð§Ð°Ð¹ Ð·ÐµÐ»ÐµÐ½ÑÐ¹,4533,500,ÐÐ°Ð¿Ð¸ÑÐºÐ¸,"ÐÐ¾Ð´ÑÐ¾Ð´Ð¸Ñ Ð´Ð»Ñ Ð¿ÑÐ¸Ð³Ð¾ÑÐ¾Ð²Ð»ÐµÐ½Ð¸Ñ ÐºÐ°Ðº Ð³Ð¾ÑÑÑÐ¸Ñ, ÑÐ°Ðº Ð¸ ÑÐ¾Ð»Ð¾Ð´Ð½ÑÑ Ð±Ð»ÑÐ´.",2007-05-13,2016-01-06,4.55:,On Backorder
159,160,Ð§ÐµÑÐ½Ð¾Ðº,5553,251,ÐÐ²Ð¾ÑÐ¸,"ÐÐ¾Ð¼Ð¾Ð³Ð°ÐµÑ Ð¿Ð¾Ð´Ð´ÐµÑÐ¶Ð¸Ð²Ð°ÑÑ Ð½Ð¾ÑÐ¼Ð°Ð»ÑÐ½ÑÐ¹ ÑÑÐ¾Ð²ÐµÐ½Ñ ÑÐ¸ÑÐ¾ÑÑÑÑÐ¾Ð³ÐµÐ½Ð¾Ð², Ð²ÐµÑÐµÑÑÐ², Ð¿Ð¾Ð»ÐµÐ·Ð½ÑÑ Ð´Ð»Ñ Ð¶ÐµÐ½ÑÐºÐ¾Ð³Ð¾ Ð·Ð´Ð¾ÑÐ¾Ð²ÑÑ.",2013-06-08,2028-03-03,3.05:,Pending
160,161,Ð ÐµÐ¿Ð°,782,104,ÐÐ²Ð¾ÑÐ¸,"ÐÑÐ»Ð¸ÑÐ°ÐµÑÑÑ Ð²ÑÑÐ¾ÐºÐ¸Ð¼ ÑÐ¾Ð´ÐµÑÐ¶Ð°Ð½Ð¸ÐµÐ¼ ÑÐ¾Ð»Ð¸Ð½Ð°, Ð½ÐµÐ¾Ð±ÑÐ¾Ð´Ð¸Ð¼Ð¾Ð³Ð¾ Ð´Ð»Ñ Ð·Ð´Ð¾ÑÐ¾Ð²ÑÑ Ð¼Ð¾Ð·Ð³Ð° Ð¸ Ð¿Ð°Ð¼ÑÑÐ¸.",1992-01-01,2024-01-01,0.28:,Returned
161,162,ÐÐ½Ð¶Ð¸Ñ,6649,361,Ð¤ÑÑÐºÑÑ,"Ð¯Ð²Ð»ÑÐµÑÑÑ Ð¸ÑÑÐ¾ÑÐ½Ð¸ÐºÐ¾Ð¼ Ð²Ð°Ð¶Ð½ÑÑ Ð½ÑÑÑÐ¸ÐµÐ½ÑÐ¾Ð², Ð½ÐµÐ¾Ð±ÑÐ¾Ð´Ð¸Ð¼ÑÑ Ð´Ð»Ñ ÑÐ¾ÑÑÐ° Ð¸ ÑÐ°Ð·Ð²Ð¸ÑÐ¸Ñ Ð´ÐµÑÐµÐ¹.",1994-02-02,2010-05-04,2.55:,Backorder
162,163,ÐÐ°ÑÐµÐ½ÐµÑ,1055,544,ÐÐ¾Ð»Ð¾ÑÐ½ÑÐµ Ð¿ÑÐ¾Ð´ÑÐºÑÑ,"ÐÑÐ»Ð¸ÑÐ°ÐµÑÑÑ Ð²ÑÑÐ¾ÐºÐ¸Ð¼ ÑÐ¾Ð´ÐµÑÐ¶Ð°Ð½Ð¸ÐµÐ¼ Ð¿Ð¸ÐºÐ½Ð¾Ð³ÐµÐ½Ð¾Ð»Ð°, Ð¼Ð¾ÑÐ½Ð¾Ð³Ð¾ Ð°Ð½ÑÐ¸Ð¾ÐºÑÐ¸Ð´Ð°Ð½ÑÐ°, Ð¿Ð¾Ð»ÐµÐ·Ð½Ð¾Ð³Ð¾ Ð´Ð»Ñ ÐºÐ¾Ð¶Ð¸ Ð¸ ÑÐ¾ÑÑÐ´Ð¾Ð².",2019-01-14,2020-11-06,2.47:,On Backorder
163,164,ÐÐ¾ÑÐºÐ¾Ð²Ñ,576,976,ÐÐ²Ð¾ÑÐ¸,ÐÐ¾Ð¼Ð¾Ð³Ð°ÐµÑ Ð¿Ð¾Ð´Ð´ÐµÑÐ¶Ð¸Ð²Ð°ÑÑ Ð½Ð¾ÑÐ¼Ð°Ð»ÑÐ½Ð¾Ðµ ÑÑÐ½ÐºÑÐ¸Ð¾Ð½Ð¸ÑÐ¾Ð²Ð°Ð½Ð¸Ðµ Ð¿ÐµÑÐµÐ½Ð¸ Ð¸ Ð¶ÐµÐ»ÑÐ½Ð¾Ð³Ð¾ Ð¿ÑÐ·ÑÑÑ.,1998-08-04,2020-01-01,0.63:,On Backorder
164,165,ÐÐ½Ð°Ð½Ð°Ñ,4383,177,Ð¤ÑÑÐºÑÑ,"ÐÐ¾Ð¼Ð¾Ð³Ð°ÐµÑ Ð¿Ð¾Ð´Ð´ÐµÑÐ¶Ð¸Ð²Ð°ÑÑ Ð½Ð¾ÑÐ¼Ð°Ð»ÑÐ½ÑÐ¹ ÑÑÐ¾Ð²ÐµÐ½Ñ 5-Ð³Ð¸Ð´ÑÐ¾ÐºÑÐ¸ÑÑÐ¸Ð¿ÑÐ¾ÑÐ°Ð½Ð° (5-HTP), Ð¿ÑÐµÐ´ÑÐµÑÑÐ²ÐµÐ½Ð½Ð¸ÐºÐ° ÑÐµÑÐ¾ÑÐ¾Ð½Ð¸Ð½Ð°.",1999-02-02,2003-05-02,0.25:,Backorder
165,166,ÐÐ°ÐºÐµÑÑ Ð´Ð»Ñ ÐÐ½Ñ Ð·Ð°ÑÐ¸ÑÑ Ð´ÐµÑÐµÐ¹,2700,801,Ð¢Ð¾Ð²Ð°ÑÑ Ð´Ð»Ñ Ð´Ð¾Ð¼Ð°,"ÐÑÐ»Ð¸ÑÐ°ÐµÑÑÑ Ð²ÑÑÐ¾ÐºÐ¸Ð¼ ÑÐ¾Ð´ÐµÑÐ¶Ð°Ð½Ð¸ÐµÐ¼ Ð¿Ð¸ÐºÐ½Ð¾Ð³ÐµÐ½Ð¾Ð»Ð°, Ð¼Ð¾ÑÐ½Ð¾Ð³Ð¾ Ð°Ð½ÑÐ¸Ð¾ÐºÑÐ¸Ð´Ð°Ð½ÑÐ°, Ð¿Ð¾Ð»ÐµÐ·Ð½Ð¾Ð³Ð¾ Ð´Ð»Ñ ÐºÐ¾Ð¶Ð¸ Ð¸ ÑÐ¾ÑÑÐ´Ð¾Ð².",2014-04-10,2019-10-04,0.55:,Cancelled
166,167,ÐÐ°Ð»ÑÐº,2455,97,ÐÑÑÐ¾,ÐÐ¾Ð´ÑÐ¾Ð´Ð¸Ñ Ð´Ð»Ñ Ð¸ÑÐ¿Ð¾Ð»ÑÐ·Ð¾Ð²Ð°Ð½Ð¸Ñ Ð² ÐºÐ°ÑÐµÑÑÐ²Ðµ Ð·Ð°Ð¼ÐµÐ½Ñ ÑÑÐ°Ð´Ð¸ÑÐ¸Ð¾Ð½Ð½ÑÑ Ð¼Ð¾Ð»Ð¾ÑÐ½ÑÑ Ð¿ÑÐ¾Ð´ÑÐºÑÐ¾Ð².,1995-02-06,1998-04-12,2.84:,Available for Pickup
167,168,ÐÐ°Ð»Ð¸Ð½Ð°,4576,107,Ð¤ÑÑÐºÑÑ,"ÐÐ¾Ð¼Ð¾Ð³Ð°ÐµÑ Ð¿Ð¾Ð´Ð´ÐµÑÐ¶Ð¸Ð²Ð°ÑÑ Ð½Ð¾ÑÐ¼Ð°Ð»ÑÐ½ÑÐ¹ ÑÑÐ¾Ð²ÐµÐ½Ñ Ð³Ð»ÑÐºÐ°Ð³Ð¾Ð½Ð°, Ð³Ð¾ÑÐ¼Ð¾Ð½Ð°, ÑÐµÐ³ÑÐ»Ð¸ÑÑÑÑÐµÐ³Ð¾ ÑÑÐ¾Ð²ÐµÐ½Ñ Ð³Ð»ÑÐºÐ¾Ð·Ñ Ð² ÐºÑÐ¾Ð²Ð¸.",2016-01-08,2029-08-06,4.49:,Out of Stock
168,169,Ð¡ÑÑÐ¾Ð¹ Ð°ÑÐ°ÑÐ¸Ñ,913,417,ÐÐ°ÐºÐ°Ð»ÐµÑ,"ÐÑÐ»Ð¸ÑÐ°ÐµÑÑÑ Ð²ÑÑÐ¾ÐºÐ¸Ð¼ ÑÐ¾Ð´ÐµÑÐ¶Ð°Ð½Ð¸ÐµÐ¼ ÑÐµÑÐ²ÐµÑÐ°ÑÑÐ¾Ð»Ð°, Ð²ÐµÑÐµÑÑÐ²Ð°, Ð¾Ð±Ð»Ð°Ð´Ð°ÑÑÐµÐ³Ð¾ Ð°Ð½ÑÐ¸Ð²Ð¾Ð·ÑÐ°ÑÑÐ½ÑÐ¼Ð¸ ÑÐ²Ð¾Ð¹ÑÑÐ²Ð°Ð¼Ð¸.",2004-03-04,2027-01-16,2.96:,Out of Stock
169,170,ÐÐ¾Ð½Ð°Ñ Ð¼Ð°Ð³Ð½Ð¸Ð¹,1678,872,ÐÐ°Ð¿Ð¸ÑÐºÐ¸,"ÐÑÐ»Ð¸ÑÐ°ÐµÑÑÑ Ð²ÑÑÐ¾ÐºÐ¸Ð¼ ÑÐ¾Ð´ÐµÑÐ¶Ð°Ð½Ð¸ÐµÐ¼ Ð°Ð»ÑÑÐ°-Ð»Ð¸Ð¿Ð¾ÐµÐ²Ð¾Ð¹ ÐºÐ¸ÑÐ»Ð¾ÑÑ, Ð¼Ð¾ÑÐ½Ð¾Ð³Ð¾ Ð°Ð½ÑÐ¸Ð¾ÐºÑÐ¸Ð´Ð°Ð½ÑÐ°.",2010-01-03,2029-03-04,3.48:,Cancelled
170,171,Ð Ð°ÑÑÐ¸ÑÐµÐ»ÑÐ½Ð¾Ðµ Ð¼Ð°ÑÐ»Ð¾ Ð³Ð¾ÑÑÐ¸ÑÐ½Ð¾Ðµ,2462,346,ÐÐ°ÐºÐ°Ð»ÐµÑ,ÐÐ¾Ð´ÑÐ¾Ð´Ð¸Ñ Ð´Ð»Ñ Ð»ÑÐ´ÐµÐ¹ Ñ ÑÑÐ²ÑÑÐ²Ð¸ÑÐµÐ»ÑÐ½ÑÐ¼ Ð¿Ð¸ÑÐµÐ²Ð°ÑÐµÐ½Ð¸ÐµÐ¼.,2014-08-06,2026-01-09,0.07:,Temporarily Unavailable
171,172,Ð Ð°Ð³Ñ,655,600,ÐÑÑÐ¾,"ÐÐ¾Ð¼Ð¾Ð³Ð°ÐµÑ Ð¿Ð¾Ð´Ð´ÐµÑÐ¶Ð¸Ð²Ð°ÑÑ Ð½Ð¾ÑÐ¼Ð°Ð»ÑÐ½ÑÐ¹ ÑÑÐ¾Ð²ÐµÐ½Ñ Ð´Ð°Ð¸Ð´Ð·ÐµÐ¸Ð½Ð°, Ð¸Ð·Ð¾ÑÐ»Ð°Ð²Ð¾Ð½Ð°, Ð¿Ð¾Ð»ÐµÐ·Ð½Ð¾Ð³Ð¾ Ð´Ð»Ñ Ð·Ð´Ð¾ÑÐ¾Ð²ÑÑ Ð¶ÐµÐ½ÑÐ¸Ð½ Ð²Ð¾ Ð²ÑÐµÐ¼Ñ Ð¼ÐµÐ½Ð¾Ð¿Ð°ÑÐ·Ñ.",1997-04-15,2010-03-01,1.55:,Cancelled
172,173,ÐÑÐºÑÑÑÐ·Ð° ÐºÐ¾Ð½ÑÐµÑÐ²Ð¸ÑÐ¾Ð²Ð°Ð½Ð½Ð°Ñ,7724,715,ÐÐ°ÐºÐ°Ð»ÐµÑ,ÐÑÐ»Ð¸ÑÐ°ÐµÑÑÑ Ð½Ð¸Ð·ÐºÐ¾Ð¹ Ð²ÐµÑÐ¾ÑÑÐ½Ð¾ÑÑÑÑ Ð²Ð¾Ð·Ð½Ð¸ÐºÐ½Ð¾Ð²ÐµÐ½Ð¸Ñ Ð¿Ð¾Ð±Ð¾ÑÐ½ÑÑ ÑÑÑÐµÐºÑÐ¾Ð² Ð¿ÑÐ¸ ÑÐ¿Ð¾ÑÑÐµÐ±Ð»ÐµÐ½Ð¸Ð¸.,2012-08-04,2023-04-21,4.71:,Cancelled
173,174,ÐÐ°ÐºÐµÑÑ Ð´Ð»Ñ ÐÐ½Ñ ÐÐ¾Ð±ÐµÐ´Ñ,5083,951,Ð¢Ð¾Ð²Ð°ÑÑ Ð´Ð»Ñ Ð´Ð¾Ð¼Ð°,"ÐÐ¾Ð´ÑÐ¾Ð´Ð¸Ñ Ð´Ð»Ñ Ð»ÑÐ´ÐµÐ¹, ÑÐ»ÐµÐ´ÑÑÐ¸Ñ Ð·Ð° ÑÐ²Ð¾Ð¸Ð¼ Ð²ÐµÑÐ¾Ð¼, Ð±Ð»Ð°Ð³Ð¾Ð´Ð°ÑÑ Ð½Ð¸Ð·ÐºÐ¾Ð¼Ñ ÑÐ¾Ð´ÐµÑÐ¶Ð°Ð½Ð¸Ñ ÐºÐ°Ð»Ð¾ÑÐ¸Ð¹.",1995-02-10,2008-02-24,4.68:,Awaiting Payment
174,175,ÐÐµÐºÑÐ°ÑÐ¸Ð½,1368,607,Ð¤ÑÑÐºÑÑ,ÐÑÐ»Ð¸ÑÐ°ÐµÑÑÑ ÑÑÐ°Ð±Ð¸Ð»ÑÐ½Ð¾ÑÑÑÑ Ð²ÐºÑÑÐ° Ð¸ ÐºÐ°ÑÐµÑÑÐ²Ð° Ð² ÑÐµÑÐµÐ½Ð¸Ðµ Ð²ÑÐµÐ³Ð¾ ÑÑÐ¾ÐºÐ° ÑÑÐ°Ð½ÐµÐ½Ð¸Ñ.,2015-02-01,2025-06-07,3.99:,Out of Stock
175,176,ÐÐ¾ÑÐ¾Ð¶ÐµÐ½Ð¾Ðµ,8795,663,ÐÐ¾Ð»Ð¾ÑÐ½ÑÐµ Ð¿ÑÐ¾Ð´ÑÐºÑÑ,"ÐÐ¾Ð¼Ð¾Ð³Ð°ÐµÑ Ð¿Ð¾Ð´Ð´ÐµÑÐ¶Ð¸Ð²Ð°ÑÑ Ð½Ð¾ÑÐ¼Ð°Ð»ÑÐ½ÑÐ¹ ÑÑÐ¾Ð²ÐµÐ½Ñ Ð³ÐµÐ½Ð¸ÑÑÐµÐ¸Ð½Ð°, Ð¸Ð·Ð¾ÑÐ»Ð°Ð²Ð¾Ð½Ð°, Ð¿Ð¾Ð»ÐµÐ·Ð½Ð¾Ð³Ð¾ Ð´Ð»Ñ Ð·Ð´Ð¾ÑÐ¾Ð²ÑÑ ÐºÐ¾ÑÑÐµÐ¹ Ð¸ Ð¿ÑÐ¾ÑÐ¸Ð»Ð°ÐºÑÐ¸ÐºÐ¸ ÑÐ°ÐºÐ°.",2006-03-04,2023-01-14,3.27:,Backorder
176,177,ÐÐ»ÐµÐ½Ð¸Ð½Ð°,8677,963,ÐÑÑÐ¾,ÐÐ¾Ð´ÑÐ¾Ð´Ð¸Ñ Ð´Ð»Ñ Ð¸ÑÐ¿Ð¾Ð»ÑÐ·Ð¾Ð²Ð°Ð½Ð¸Ñ Ð² ÑÐµÑÐµÐ¿ÑÐ°Ñ ÑÑÐ°Ð´Ð¸ÑÐ¸Ð¾Ð½Ð½Ð¾Ð¹ ÐºÑÑÐ½Ð¸ ÑÐ°Ð·Ð½ÑÑ ÑÑÑÐ°Ð½.,2004-01-11,2008-01-10,2.33:,Out of Stock
177,178,ÐÑÐ½Ñ,5032,807,Ð¤ÑÑÐºÑÑ,"ÐÑÐ»Ð¸ÑÐ°ÐµÑÑÑ Ð½Ð¸Ð·ÐºÐ¸Ð¼ ÑÐ¾Ð´ÐµÑÐ¶Ð°Ð½Ð¸ÐµÐ¼ Ð¶Ð¸ÑÐ°, ÑÑÐ¾ Ð´ÐµÐ»Ð°ÐµÑ ÐµÐ³Ð¾ Ð¿Ð¾Ð´ÑÐ¾Ð´ÑÑÐ¸Ð¼ Ð´Ð»Ñ ÑÐµÑ, ÐºÑÐ¾ ÑÐ»ÐµÐ´Ð¸Ñ Ð·Ð° ÑÐ¸Ð³ÑÑÐ¾Ð¹.",2008-09-07,2013-02-13,1.47:,Sold
178,179,ÐÐ¹ÑÐ°Ð½,374,243,ÐÐ¾Ð»Ð¾ÑÐ½ÑÐµ Ð¿ÑÐ¾Ð´ÑÐºÑÑ,"ÐÑÐ»Ð¸ÑÐ°ÐµÑÑÑ Ð²ÑÑÐ¾ÐºÐ¸Ð¼ ÑÐ¾Ð´ÐµÑÐ¶Ð°Ð½Ð¸ÐµÐ¼ Ð½ÐµÐ½Ð°ÑÑÑÐµÐ½Ð½ÑÑ Ð¶Ð¸ÑÐ½ÑÑ ÐºÐ¸ÑÐ»Ð¾Ñ, Ð¿Ð¾Ð»ÐµÐ·Ð½ÑÑ Ð´Ð»Ñ ÑÐµÑÐ´ÑÐ°.",2004-03-06,2025-01-01,0.95:,Awaiting Payment
179,180,Ð¥Ð»ÐµÐ±Ð¾Ð¿ÐµÑÐºÐ°,8376,925,Ð¢Ð¾Ð²Ð°ÑÑ Ð´Ð»Ñ Ð´Ð¾Ð¼Ð°,ÐÐ¾Ð¼Ð¾Ð³Ð°ÐµÑ Ð¿Ð¾Ð´Ð´ÐµÑÐ¶Ð¸Ð²Ð°ÑÑ Ð·Ð´Ð¾ÑÐ¾Ð²ÑÐµ Ð³Ð»Ð°Ð· Ð¸ Ð·ÑÐµÐ½Ð¸Ðµ Ð±Ð»Ð°Ð³Ð¾Ð´Ð°ÑÑ ÑÐ¾Ð´ÐµÑÐ¶Ð°Ð½Ð¸Ñ Ð²Ð¸ÑÐ°Ð¼Ð¸Ð½Ð° A.,2017-04-03,2027-02-14,0.62:,Cancelled
180,181,ÐÐ¸Ð½Ð¾Ð°,5934,306,ÐÐ°ÐºÐ°Ð»ÐµÑ,ÐÑÐ»Ð¸ÑÐ°ÐµÑÑÑ Ð¿ÑÐ¾ÑÑÐ¾ÑÐ¾Ð¹ Ð² Ð¸ÑÐ¿Ð¾Ð»ÑÐ·Ð¾Ð²Ð°Ð½Ð¸Ð¸ Ð¸ ÑÑÐ°Ð½ÐµÐ½Ð¸Ð¸.,1996-08-10,2018-01-08,1.29:,Sold
181,182,Ð§ÐµÑÐ½Ð¾Ðº,3423,115,ÐÐ²Ð¾ÑÐ¸,ÐÐ¾Ð´ÑÐ¾Ð´Ð¸Ñ Ð´Ð»Ñ Ð»ÑÐ´ÐµÐ¹ Ñ Ð½ÐµÐ¿ÐµÑÐµÐ½Ð¾ÑÐ¸Ð¼Ð¾ÑÑÑÑ Ð»Ð°ÐºÑÐ¾Ð·Ñ Ð±Ð»Ð°Ð³Ð¾Ð´Ð°ÑÑ ÑÐ¿ÐµÑÐ¸Ð°Ð»ÑÐ½Ð¾Ð¹ Ð¾Ð±ÑÐ°Ð±Ð¾ÑÐºÐµ.,1994-03-10,2008-05-04,1.19:,Cancelled
182,183,ÐÐ¾Ð½Ð¸Ð½Ð°,1914,96,ÐÑÑÐ¾,ÐÐ¾Ð¼Ð¾Ð³Ð°ÐµÑ Ð¿Ð¾Ð´Ð´ÐµÑÐ¶Ð¸Ð²Ð°ÑÑ Ð½Ð¾ÑÐ¼Ð°Ð»ÑÐ½ÑÐ¹ ÑÑÐ¾Ð²ÐµÐ½Ñ ÑÑÑÑÐ¾Ð³ÐµÐ½Ð¾Ð² Ñ Ð¶ÐµÐ½ÑÐ¸Ð½.,1998-01-08,2017-12-05,3.1:,Awaiting Payment
183,184,Ð§ÐµÐ´Ð´ÐµÑ,5235,410,ÐÐ¾Ð»Ð¾ÑÐ½ÑÐµ Ð¿ÑÐ¾Ð´ÑÐºÑÑ,"ÐÐ¾Ð¼Ð¾Ð³Ð°ÐµÑ Ð¿Ð¾Ð´Ð´ÐµÑÐ¶Ð¸Ð²Ð°ÑÑ Ð½Ð¾ÑÐ¼Ð°Ð»ÑÐ½ÑÐ¹ ÑÑÐ¾Ð²ÐµÐ½Ñ Ð´Ð°Ð¸Ð´Ð·ÐµÐ¸Ð½Ð°, Ð¸Ð·Ð¾ÑÐ»Ð°Ð²Ð¾Ð½Ð°, Ð¿Ð¾Ð»ÐµÐ·Ð½Ð¾Ð³Ð¾ Ð´Ð»Ñ Ð·Ð´Ð¾ÑÐ¾Ð²ÑÑ Ð¶ÐµÐ½ÑÐ¸Ð½ Ð²Ð¾ Ð²ÑÐµÐ¼Ñ Ð¼ÐµÐ½Ð¾Ð¿Ð°ÑÐ·Ñ.",2006-01-04,2009-03-09,3.08:,Available for Pickup
184,185,Ð¨ÑÐ±Ð°Ñ,5995,72,ÐÐ¾Ð»Ð¾ÑÐ½ÑÐµ Ð¿ÑÐ¾Ð´ÑÐºÑÑ,"ÐÐ¾Ð¼Ð¾Ð³Ð°ÐµÑ Ð¿Ð¾Ð´Ð´ÐµÑÐ¶Ð¸Ð²Ð°ÑÑ Ð½Ð¾ÑÐ¼Ð°Ð»ÑÐ½ÑÐ¹ ÑÑÐ¾Ð²ÐµÐ½Ñ ÑÐ¸ÑÐµÐ¾Ð¸Ð´Ð½ÑÑ Ð³Ð¾ÑÐ¼Ð¾Ð½Ð¾Ð², ÑÐµÐ³ÑÐ»Ð¸ÑÑÑÑÐ¸Ñ Ð¾Ð±Ð¼ÐµÐ½ Ð²ÐµÑÐµÑÑÐ².",1993-01-04,2026-01-01,2.16:,Returned
185,186,ÐÐµÑÐºÐ¸ Ð´Ð»Ñ Ð¼ÑÑÐ¾ÑÐ°,8744,68,Ð¢Ð¾Ð²Ð°ÑÑ Ð´Ð»Ñ Ð´Ð¾Ð¼Ð°,"ÐÑÐ»Ð¸ÑÐ°ÐµÑÑÑ Ð²ÑÑÐ¾ÐºÐ¸Ð¼ ÑÐ¾Ð´ÐµÑÐ¶Ð°Ð½Ð¸ÐµÐ¼ ÑÐ¾ÑÑÐ¾ÑÐ°, Ð½ÐµÐ¾Ð±ÑÐ¾Ð´Ð¸Ð¼Ð¾Ð³Ð¾ Ð´Ð»Ñ Ð·Ð´Ð¾ÑÐ¾Ð²ÑÑ Ð·ÑÐ±Ð¾Ð² Ð¸ ÐºÐ¾ÑÑÐµÐ¹.",2004-01-06,2017-01-01,2.88:,Returned
186,187,ÐÐµÑÐµÑ Ð±Ð¾Ð»Ð³Ð°ÑÑÐºÐ¸Ð¹,7463,128,ÐÐ²Ð¾ÑÐ¸,"ÐÐ¾Ð¼Ð¾Ð³Ð°ÐµÑ Ð¿Ð¾Ð´Ð´ÐµÑÐ¶Ð¸Ð²Ð°ÑÑ Ð½Ð¾ÑÐ¼Ð°Ð»ÑÐ½ÑÐ¹ ÑÑÐ¾Ð²ÐµÐ½Ñ ÑÐ°Ð½Ð¸Ð½Ð¾Ð², Ð²ÐµÑÐµÑÑÐ², Ð¾Ð±Ð»Ð°Ð´Ð°ÑÑÐ¸Ñ Ð²ÑÐ¶ÑÑÐ¸Ð¼Ð¸ Ð¸ Ð°Ð½ÑÐ¸ÑÐµÐ¿ÑÐ¸ÑÐµÑÐºÐ¸Ð¼Ð¸ ÑÐ²Ð¾Ð¹ÑÑÐ²Ð°Ð¼Ð¸.",2016-04-18,2028-02-14,4.58:,Awaiting Review
187,188,Ð¡ÑÐ²Ð¾ÑÐ¾ÑÐºÐ° Ð¼Ð¾Ð»Ð¾ÑÐ½Ð°Ñ,7780,973,ÐÐ°ÐºÐ°Ð»ÐµÑ,Ð£Ð»ÑÑÑÐ°ÐµÑ Ð½Ð°ÑÑÑÐ¾ÐµÐ½Ð¸Ðµ Ð¸ Ð¾Ð±ÑÐµÐµ ÑÐ°Ð¼Ð¾ÑÑÐ²ÑÑÐ²Ð¸Ðµ Ð±Ð»Ð°Ð³Ð¾Ð´Ð°ÑÑ ÑÐ¾Ð´ÐµÑÐ¶Ð°Ð½Ð¸Ñ ÑÑÐ¸Ð¿ÑÐ¾ÑÐ°Ð½Ð°.,2004-01-05,2022-03-03,1.56:,In Stock
