name;price;quantity;fromCity;isAvailable;views
SteelSeries Arctis 7;19062;73;Вильнюс;True;92851
SteelSeries Arctis 7;20534;68;Семана;True;16619
WD Blue HDD;48130;68;Пласенсия;False;23355
pleasant siding;69.28;625;tools;Ташкент;False;33349
sublime cherry;34.12;790;fruit;Аликанте;True;66234
magnificent apple;41.85;599;fruit;Санкт-Петербург;False;36956
refined manicure set;32.44;960;cosmetics;Виго;False;24195
AMD Ryzen 5;10793;63;Сьюдад-Реаль;False;57547
AMD Ryzen 5;26892;12;Бильбао;True;32749
sublime peach;82.29;655;fruit;Хельсинки;False;67244
exquisite saw;20.73;550;tools;Сан-Себастьян;True;98756
Canon PIXMA;18546;58;Пласенсия;True;12352
NVIDIA GeForce GTX 1050;96813;25;Эль-Пуэрто-де-Санта-Мария;True;63273
superb trim;96.74;543;tools;Бургос;False;79101
exquisite wheelbarrow;59.14;532;tools;Хельсинки;True;13360
delightful orange;58.27;706;fruit;Трухильо;False;78504
Canon PIXMA;30517;69;Камбадос;False;52435
magnificent shovel;11.63;519;tools;Таллин;True;77558
attractive kiwifruit;43.09;635;fruit;Сантьяго-де-Компостела;True;90710
NVIDIA GeForce GTX 1050;36825;24;Мерида;True;24368
magnificent roofing;33.31;572;tools;Ла-Корунья;True;74739
stylish drywall;23.51;706;tools;Вроцлав;True;98298
superb level;73.82;473;tools;Тарраса;True;3929
sublime siding;96.1;893;tools;Эль-Пуэрто-де-Санта-Мария;True;73558
nice shovel;76.49;529;tools;Валенсия;False;83631
gorgeous tape measure;69.03;501;tools;Бишкек;False;42614
refined guava;13.8;798;fruit;Мерида;False;52167
SteelSeries Arctis 7;50736;40;Москва;False;86729
pleasant nail file;25.45;601;cosmetics;Малага;True;38595
sublime baseboard;53.7;592;tools;Астана;False;85743
tasteful ladder;43.78;648;tools;Алькала-де-Энарес;True;94540
WD Blue HDD;34905;39;Варшава;True;88950
elegant conditioner;87.73;558;cosmetics;Куэнка;False;99408
Epson Expression Home XP;61484;75;Махадаонда;True;16553
luxurious axe;70.87;733;tools;Подгорица;False;710
nice nails;35.66;669;tools;Ереван;True;27652
superb night cream;18.2;530;cosmetics;Краков;True;22861
elegant level;68.61;973;tools;Мартоса;True;80373
magnificent lotion;83.48;540;cosmetics;Мартоса;False;17072
Ricoh Aficio MP;73655;56;Сьюдад-Реаль;True;49777
gorgeous flooring;46.48;820;tools;Тудела;False;76875
Canon PIXMA;40875;62;Картахена;False;74102
Intel Core i5;66496;46;Подгорица;True;95241
marvelous chisel;21.98;920;tools;Тудела;False;86310
nice wheelbarrow;22.7;573;tools;Эль-Пуэрто-де-Санта-Мария;True;46405
Razer Variau;29851;76;Вальядолид;False;55927
beautiful nail file;58.34;936;cosmetics;Барселона;False;62174
exquisite raspberry;78.73;955;fruit;Рига;True;89047
NVIDIA GeForce GTX 1050;48711;13;Бланес;True;35211
attractive wallpaper;25.68;925;tools;Овьедо;True;15868
beautiful deodorant;22.14;891;cosmetics;Хельсинки;True;637
NVIDIA GeForce GTX 1050;82863;42;Мурсия;True;42305
nice peach;84.75;709;fruit;Хихон;False;11000
NVIDIA GeForce GTX 1050;63292;41;Ереван;False;98685
beautiful roofing;96.73;846;tools;Пласенсия;False;81572
HyperX DDR4 RAM;62147;21;Вроцлав;True;57052
exquisite siding;75.06;703;tools;Подгорица;True;62532
magnificent wallpaper;61.99;641;tools;Скопье;False;38235
attractive baby shampoo;30.67;695;cosmetics;Минск;False;69121
amazing electrical;71.47;827;tools;Краков;False;19037
superb deodorant;61.4;795;cosmetics;Мерида;False;75700
sublime facial cleanser;60.53;578;cosmetics;Малага;True;41545
HP LaserJet Pro;55908;52;Кадакес;True;14301
sublime grapes;88.26;828;fruit;Куэнка;False;92604
SteelSeries Arctis 7;15533;28;Монсон;False;5689
nice guava;77.67;820;fruit;София;False;26095
superb plumbing;13.72;505;tools;Афины;True;75062
superb plumbing;42.77;890;tools;Ла-Корунья;True;49944
refined blueberry;87.05;731;fruit;Хихон;False;7253
Brother DCP-T510W;73200;77;Сьюдад-Реаль;False;37603
amazing flooring;24.92;846;tools;Вальядолид;False;69060
pretty screws;22.78;716;tools;Сараево;True;82037
NVIDIA GeForce GTX 1050;65505;69;Кадакес;False;15385
beautiful windows;56.72;757;tools;Ереван;True;74724
stylish moisturizer;64.08;683;cosmetics;Алма-Ата;False;52467
superb windows;16.03;573;tools;Кадакес;True;42235
Razer Variau;61889;54;Ереван;False;90024
WD Blue HDD;90836;10;Тудела;True;9803
beautiful scaffolding;95.64;549;tools;Луарка;True;89579
refined blackberry;38.81;998;fruit;Минск;True;13489
magnificent windows;10.13;985;tools;Сантьяго-де-Компостела;True;32068
elegant drywall;52.71;662;tools;Рига;True;77002
Intel Core i5;34821;31;Тбилиси;True;73908
HP LaserJet Pro;93729;34;София;True;54672
delightful doors;79.46;590;tools;Загреб;True;87524
amazing shampoo;92.79;608;cosmetics;Эльче;False;72961
WD Blue HDD;96179;34;Белград;False;76958
HP LaserJet Pro;77869;57;Вильнюс;True;26448
Intel Core i5;89326;46;Киев;True;55383
pleasant toner;78.11;598;cosmetics;Лас-Росас;False;90390
stylish insulation;75.49;702;tools;Афины;True;83133
magnificent windows;28.43;724;tools;Тарраса;True;45307
superb glue;33.02;809;tools;Киев;True;48355
amazing glue;85.39;861;tools;Картахена;False;66456
Ricoh Aficio MP;41579;30;Малага;False;51286
Corsair HS60;28113;63;Вальядолид;True;17834
sublime makeup remover;26.87;760;cosmetics;Овьедо;False;61245
delightful orange;88.19;851;fruit;Минск;True;73773
Intel Core i5;37255;18;Кадакес;True;75355
gorgeous tile;36.84;946;tools;Белград;False;24599
glamorous orange;44.54;838;fruit;Загреб;True;6684
nice papaya;89.8;903;fruit;Махадаонда;True;94990
Samsung 970 EVO SSD;34205;49;Луго;True;3103
superb nail polish;61.84;934;cosmetics;Афины;True;93189
stylish trim;70.41;501;tools;Рига;True;74292
AMD Ryzen 5;91363;75;Лас-Росас;True;90383
attractive screws;77.36;724;tools;Вильявисиоса;False;40317
pretty sunscreen;82.5;582;cosmetics;Сан-Себастьян;True;31844
marvelous plum;35.55;932;fruit;Киев;True;71592
attractive body wash;68.55;855;cosmetics;Белград;True;831
Kingston Canvas Select Plus;56211;33;Астана;False;10265
elegant pedicure set;55.14;677;cosmetics;Кишинев;True;27552
gorgeous serum;68.28;896;cosmetics;Валенсия;False;21361
attractive bubble bath;75.04;832;cosmetics;Касерес;False;36828
HyperX DDR4 RAM;36534;64;Монсон;False;52641
delightful night cream;83.39;988;cosmetics;Мартоса;True;58659
amazing hammer;70.14;927;tools;Скопье;True;14459
superb trim;96.35;839;tools;Махадаонда;True;86808
attractive boysenberry;12.1;921;fruit;Загреб;True;4769
Logitech Wireless Keyboard;80009;32;Тарраса;True;5198
marvelous deodorant;47.05;883;cosmetics;Хихон;False;49265
marvelous hair mask;40.63;932;cosmetics;Бишкек;True;95529
delightful baby shampoo;37.94;648;cosmetics;Алма-Ата;True;90430
amazing axe;62.95;1001;tools;Кадакес;True;52031
beautiful exfoliator;22.3;858;cosmetics;Осера;True;73289
magnificent sunscreen;40.03;964;cosmetics;Хихон;False;86031
luxurious papaya;67.49;722;fruit;Аликанте;True;9637
HyperX DDR4 RAM;92090;30;Москва;True;20768
nice drywall;28.7;608;tools;Душанбе;False;52750
Epson Expression Home XP;74591;41;Трухильо;False;73027
marvelous papaya;84.04;787;fruit;Навалькарнеро;True;46158
nice plum;49.03;547;fruit;Махадаонда;False;77909
WD Blue HDD;97885;37;Афины;True;5291
glamorous eye cream;55.87;554;cosmetics;Осера;False;25246
trendy blackberry;42.8;712;fruit;Эльче;False;37188
Samsung 970 EVO SSD;69886;59;Мадрид;True;30765
refined toothpaste;86.98;801;cosmetics;Кадакес;False;20915
Logitech Wireless Keyboard;40803;73;Тбилиси;False;59340
Canon PIXMA;55369;76;Белград;True;58570
delightful level;42.12;889;tools;Луго;False;8282
pleasant strawberry;78.02;1016;fruit;Камбадос;True;27198
WD Blue HDD;58606;75;Хельсинки;True;40195
attractive boysenberry;33.81;831;fruit;Хихон;True;57586
glamorous lip balm;98.95;768;cosmetics;Тудела;True;56267
magnificent cranberry;90.73;899;fruit;Тбилиси;True;87252
luxurious scaffolding;88.34;984;tools;Мурсия;False;14489
luxurious flooring;97.68;513;tools;Минск;True;60840
SteelSeries Arctis 7;93755;41;Хихон;True;84099
exquisite cranberry;53.26;970;fruit;Астана;True;54105
luxurious blueberry;91.86;979;fruit;Севилья;False;23552
exquisite guava;17.81;877;fruit;Рига;False;42259
Canon PIXMA;74573;61;Загреб;True;36336
Samsung 970 EVO SSD;94461;76;Белград;True;96030
delightful chisel;27.84;753;tools;Лас-Росас;False;221
stylish roofing;69.42;992;tools;Баку;False;50734
gorgeous axe;55.46;954;tools;Прага;True;61699
Canon PIXMA;91306;49;Эль-Пуэрто-де-Санта-Мария;True;14652
pretty raspberry;48.71;549;fruit;Алма-Ата;True;31457
pretty axe;68.0;530;tools;Сараево;True;88145
magnificent baseboard;94.55;817;tools;Картахена;True;8582
stylish doors;35.8;831;tools;Минск;True;95028
refined deodorant;94.71;556;cosmetics;Эльче;True;40520
amazing electrical;72.26;729;tools;Кордова;True;22025
Samsung 970 EVO SSD;20888;12;София;False;41056
Samsung 970 EVO SSD;30110;15;Артейхо;True;36210
gorgeous toner;83.31;534;cosmetics;Пласенсия;True;66828
stylish facial cleanser;67.5;665;cosmetics;Пласенсия;False;85304
attractive bubble bath;25.58;876;cosmetics;Луго;False;68826
SteelSeries Arctis 7;12689;74;Махадаонда;False;78300
Intel Core i5;63519;42;Скопье;True;8434
elegant glue;31.51;793;tools;Навалькарнеро;True;53920
HP LaserJet Pro;53537;24;Будапешт;True;53361
Epson Expression Home XP;21796;77;Аликанте;True;88594
gorgeous flooring;23.97;553;tools;Хельсинки;True;82044
Canon PIXMA;20185;29;Вильнюс;True;66131
pretty pedicure set;30.38;966;cosmetics;Афины;False;89965
refined apple;53.05;736;fruit;Виго;True;57835
stylish screws;29.44;879;tools;Тбилиси;True;66002
Logitech Wireless Keyboard;38056;14;Аликанте;True;91815
refined plumbing;40.52;972;tools;Вильявисиоса;True;30447
elegant baby shampoo;19.54;771;cosmetics;Навалькарнеро;True;14985
magnificent sunscreen;26.91;695;cosmetics;Бильбао;True;53382
NVIDIA GeForce GTX 1050;95424;18;София;False;89881
Corsair HS60;61315;41;Тбилиси;True;63188
Corsair HS60;12312;38;Мадрид;False;49529
refined kiwifruit;74.36;539;fruit;Вальядолид;True;23254
trendy bubble bath;36.92;602;cosmetics;Рига;True;32285
delightful lotion;30.41;1016;cosmetics;Куэнка;False;20574
EVGA 500B 80+ BRONZE;36550;34;Алькала-де-Энарес;True;63446
pleasant doors;50.09;548;tools;Вроцлав;False;77536
beautiful papaya;77.96;544;fruit;Киев;True;96896
gorgeous face wash;25.18;829;cosmetics;Касерес;True;7669
Kingston Canvas Select Plus;73706;54;Осера;False;109
amazing facial cleanser;45.9;895;cosmetics;Белград;True;14593
delightful guava;54.81;923;fruit;Прага;False;52206
Samsung 970 EVO SSD;85174;61;Алма-Ата;True;92038
magnificent nail file;18.89;741;cosmetics;Лас-Росас;True;99990
pleasant nails;76.57;786;tools;Душанбе;False;17361
Brother DCP-T510W;27585;54;Льейда;True;75912
trendy deodorant;90.47;1007;cosmetics;Астана;True;24871
AMD Ryzen 5;65464;74;Сеговия;True;35746
SteelSeries Arctis 7;62338;36;Монсон;False;60216
glamorous eye cream;72.56;837;cosmetics;Авилес;False;37898
Intel Core i5;99989;49;Осера;False;55865
elegant flooring;42.4;568;tools;Подгорица;True;35576
trendy doors;45.27;678;tools;Малага;True;8623
trendy chisel;34.31;928;tools;Гранада;True;37372
amazing orange;44.18;750;fruit;Сантьяго-де-Компостела;True;22403
tasteful baseboard;19.38;792;tools;Тбилиси;True;50359
Intel Core i5;88910;75;Краков;False;18144
Epson Expression Home XP;35668;51;Севилья;True;65516
pleasant manicure set;50.65;693;cosmetics;Мадрид;False;37090
sublime boysenberry;35.48;699;fruit;Овьедо;True;37102
Ricoh Aficio MP;89752;16;Вильнюс;True;83685
tasteful lotion;99.0;954;cosmetics;Сан-Себастьян;True;3077
Intel Core i5;30555;24;Аликанте;True;13799
stylish wheelbarrow;72.7;953;tools;Вроцлав;True;37853
delightful scaffolding;33.28;967;tools;Самора;False;30469
tasteful blackberry;90.02;597;fruit;Осера;False;83751
luxurious glue;94.37;741;tools;Ла-Корунья;False;79623
